User ID,TimeStamp,Activity,Count,IP Address,Random String
user_0075,2023-05-05 15:20:39,Login,4,109.204.222.253,d7kBVFCm9eU3
user_0079,2023-04-29 23:08:38,View,9,56.216.214.121,QWB6tZIydERI
user_0029,2023-09-10 0:40:50,Login,10,93.196.219.91,IdYEqdS3Bksg
user_0066,2023-06-09 15:57:10,View,5,67.227.169.115,FlqTUD6ucNui
user_0078,2024-01-17 22:42:11,View,6,1.240.1.139,hc7BXSE9ce8n
user_0002,2023-07-24 9:02:07,View,5,173.49.142.13,Sk6p44SfTg7r
user_0016,2023-10-02 15:08:03,Login,4,34.128.190.3,XCT1NXyudtj9
user_0039,2023-07-17 11:30:02,Purchase,5,251.243.199.61,pWUpM6ABx3OT
user_0039,2024-03-08 9:28:12,Login,4,28.5.169.0,qXwqm54MR0Ha
user_0027,2023-10-02 9:40:39,Purchase,1,44.54.186.178,vIkZuZs1DnlC
user_0037,2023-12-14 3:13:25,Purchase,2,44.214.64.198,G3FzmzC00zy9
user_0040,2023-09-09 0:02:04,Purchase,10,77.105.170.33,k116baZG37nU
user_0020,2023-12-09 20:01:47,Logout,3,109.43.253.46,UEj6npaHVBVP
user_0054,2024-01-05 16:04:10,Login,3,71.45.239.10,Zcv1QlC8wNQc
user_0015,2023-09-15 12:37:27,View,4,167.54.60.85,Mu1uvijR62pJ
user_0002,2024-04-19 4:22:50,Logout,10,254.17.87.38,RDeZAUNEmKBG
user_0052,2023-05-28 5:05:00,Login,6,197.100.163.38,xFwyN3H84ghj
user_0012,2023-11-06 16:37:22,View,9,180.174.132.25,TPpoNjU7aH27
user_0045,2023-06-03 3:28:06,Logout,6,202.126.139.116,ZBf6GqbAsPJh
user_0008,2023-08-27 3:51:39,View,4,229.20.104.23,hMf8Nphtvaa1
user_0002,2024-04-12 0:02:58,View,6,202.162.71.196,0BYVLWVZEC5S
user_0026,2024-02-04 1:25:17,Purchase,9,178.178.242.151,HLxDkibJyd2r
user_0050,2023-06-29 14:20:25,Logout,10,138.133.160.100,rYdgGRmaQLXf
user_0023,2023-11-28 0:29:48,Login,8,20.97.175.202,1KVJGGTgE7Ht
user_0059,2023-08-18 1:17:15,Login,1,122.67.88.246,VvDFPa2eRQkK
user_0071,2023-08-29 15:04:21,Login,6,181.134.124.126,FS5bLDli79TZ
user_0067,2024-02-01 2:50:32,View,7,52.47.131.133,PtyltakCNjMP
user_0069,2023-10-21 3:14:53,View,6,66.74.13.57,qWFGLHkoEQTd
user_0035,2023-11-30 1:44:07,Login,1,238.79.71.203,KeXufTamXQUU
user_0011,2023-11-28 21:06:49,Purchase,3,113.9.149.120,5t4qE165vfGr
user_0011,2023-06-19 5:15:34,Purchase,6,107.77.150.188,FPRlhDWcN0PS
user_0012,2023-05-20 9:38:27,View,5,177.70.207.160,0OCCenxtoSMq
user_0072,2023-11-12 20:27:03,View,4,54.240.186.168,2VRvrXeyIFKr
user_0040,2023-06-16 20:14:03,Logout,10,112.151.120.144,Vgx03XQYN4gh
user_0029,2023-08-20 23:37:51,View,4,239.32.140.94,mDbH8HeV5jBj
user_0030,2024-04-17 8:09:01,Login,5,149.237.58.175,bS3qZp1AykR2
user_0003,2023-05-01 9:20:54,Login,8,135.17.74.243,Bs6jhyppcAHv
user_0075,2023-06-17 0:41:43,Purchase,7,124.104.25.65,Bm6pxswIc98C
user_0048,2023-11-18 6:46:36,View,7,242.7.182.182,peACTTH8bHOn
user_0021,2023-10-18 14:01:00,Purchase,4,166.207.51.23,7yrQrtGo9xwy
user_0051,2024-01-08 17:29:39,Purchase,4,207.142.104.64,nATKVLLOlURT
user_0060,2024-01-08 18:00:19,Login,9,113.66.65.111,rqYrU3rQhRqG
user_0077,2023-08-30 3:39:31,Purchase,5,231.66.126.240,gV6jv8bT94t4
user_0028,2024-02-13 22:03:38,Purchase,10,123.65.139.142,H20hhT1Gkxw4
user_0032,2024-04-02 9:29:35,View,9,146.10.199.21,eDLEA74BhHTU
user_0065,2023-08-11 3:02:32,View,3,99.236.203.143,x0O8YF0gVmpv
user_0069,2024-02-10 23:58:23,Login,4,147.110.50.40,r1jeaZ5K03ac
user_0002,2024-04-15 22:04:31,Logout,4,117.122.17.31,kmDhAqYadffF
user_0078,2023-12-02 0:47:40,Logout,2,17.30.184.160,gJyTAs8jRcsm
user_0043,2023-08-18 8:59:41,Login,4,188.137.241.154,2pK0OcAsAcRV
user_0067,2023-11-03 5:59:47,Logout,4,86.69.209.81,kSNlMn0hqBZh
user_0041,2023-10-12 6:58:56,Logout,5,37.243.72.141,l3IwUen8VYCz
user_0066,2023-08-23 9:39:05,Purchase,4,249.219.53.178,EHE8peRHIcF9
user_0077,2024-02-14 8:03:20,Login,10,16.240.110.220,cwDB2UT0c5Tx
user_0078,2023-11-29 18:27:29,Purchase,7,235.55.124.118,y83OoRaW8BmB
user_0060,2024-01-01 21:08:39,Login,4,196.202.151.38,E1pT6O6pxTD5
user_0040,2023-08-29 17:56:57,Purchase,8,211.105.235.234,ShbXNm2vA0ld
user_0015,2023-09-29 13:30:38,Login,4,51.78.162.52,y6iOp8xoG8de
user_0027,2023-06-06 16:12:08,View,5,31.50.198.22,qdmbSrzup3oS
user_0024,2024-02-22 10:43:27,Login,10,52.45.65.145,DMUZl8EiRPGc
user_0005,2024-04-06 17:17:18,View,3,175.249.77.218,8KctEIdid0n0
user_0023,2023-11-14 8:33:48,View,7,106.92.114.4,dxuuJfSvr8uj
user_0049,2023-08-03 22:30:07,Purchase,2,61.33.158.3,3O7eCE7JAyle
user_0034,2023-10-04 16:54:45,Purchase,3,170.176.30.80,PsFYnxoUsNgG
user_0058,2024-02-09 9:48:39,Purchase,3,27.197.131.86,376s8s7KhTSS
user_0069,2023-11-06 20:57:14,Logout,5,90.223.175.44,9bl4OMQwCsKh
user_0032,2023-09-14 13:25:34,Purchase,9,227.11.21.5,rZeupjh6hG7S
user_0034,2023-12-17 13:50:01,View,8,86.162.222.216,iLfIv74lM15A
user_0043,2023-05-14 6:23:41,Purchase,4,77.4.110.143,VLaHtPGGCGh7
user_0008,2024-03-23 5:04:05,Login,7,100.22.120.17,RfS3625BiQVk
user_0001,2023-06-02 13:08:46,View,8,170.62.94.188,kpl2jjThARwL
user_0027,2024-04-01 18:09:23,Login,3,221.179.23.150,cNO0JdMD9Qn1
user_0054,2024-01-31 22:47:05,Logout,3,80.110.61.244,bwXKGXDq10va
user_0063,2024-03-26 16:03:18,Purchase,7,121.94.95.191,xVPuemWhcffE
user_0074,2023-08-10 9:26:19,View,7,85.159.114.207,cVsT0vTGUfdl
user_0036,2023-09-08 4:25:42,View,10,189.141.131.174,QBwIDF1H0yyB
user_0069,2024-03-22 9:21:42,Purchase,1,231.100.236.155,c3aDRWpCuuCp
user_0075,2023-05-29 16:56:13,Logout,6,85.139.192.252,Ip4OkKbmTpOl
user_0047,2023-10-15 7:14:22,Logout,5,71.68.0.28,VUYhbSqX33f5
user_0019,2023-06-14 7:22:58,View,7,100.215.234.129,Tze6cI5OfDyr
user_0002,2023-09-19 19:15:24,Login,5,69.112.129.3,gXF6pvmIAQ3L
user_0063,2024-03-06 20:07:33,Purchase,7,20.73.57.153,6ZlP9Czhe5mE
user_0034,2023-05-18 15:44:42,View,1,54.92.67.135,4aRoxfWYPGA9
user_0006,2023-08-22 20:49:22,Purchase,6,229.197.40.151,1BPSlMPZfjs4
user_0080,2023-11-01 17:00:46,Purchase,7,213.4.75.243,Loi59aEoRYR3
user_0023,2023-07-10 1:22:22,Login,2,125.170.22.199,YXvQYje9SIeF
user_0078,2024-02-21 8:33:54,Purchase,4,251.96.41.246,UKg9NDUSWVkl
user_0028,2023-10-02 2:27:54,Login,9,222.162.248.232,BcSX9pMUnrGs
user_0011,2024-01-16 23:14:50,Logout,10,57.105.125.97,bG9KvnU6PNEL
user_0069,2023-10-05 1:52:34,Logout,8,241.16.196.55,EOvGpiQ9jzvF
user_0055,2023-06-12 11:36:25,Purchase,9,111.57.252.0,Ges37WR2EBto
user_0025,2024-02-18 11:03:35,Login,3,32.187.46.37,6edQKr7IZmO6
user_0071,2023-09-21 20:26:28,Purchase,2,250.235.209.137,DOLCHnKRLHrs
user_0046,2024-02-01 5:04:42,Login,2,191.202.21.74,pmOtPVghbiT2
user_0045,2024-02-01 1:48:50,Login,7,223.183.225.143,S38sT1a5x4db
user_0067,2024-03-24 4:37:31,Login,6,153.14.192.255,1b9WyA4wK33C
user_0070,2023-09-04 13:56:23,Logout,8,255.144.73.233,LiCdj2pjPH6b
user_0062,2023-09-25 19:12:37,Login,7,60.108.47.123,9LAGqeiWkxKP
user_0056,2024-03-09 12:46:35,Purchase,10,122.190.74.40,Aexnw6LMyfIM
user_0029,2024-02-18 9:55:29,View,2,59.221.99.95,C0kjQlIIQRYG
user_0058,2023-12-11 8:28:30,Purchase,3,124.190.254.94,b8EdTEtj2x95
user_0006,2024-02-15 13:37:02,Logout,7,211.109.13.181,mk8saFDBCgeY
user_0019,2023-05-08 5:22:54,Purchase,3,149.244.45.247,5nYHavf7gbRD
user_0031,2024-02-09 15:13:41,Logout,3,7.215.188.170,SanjqvDD3wX9
user_0054,2023-09-18 7:01:08,Purchase,10,238.176.8.49,tm0jnShT1lub
user_0065,2024-01-02 15:59:05,Login,9,19.164.49.70,wp0zSh0s3fuW
user_0006,2023-12-10 12:09:51,View,4,55.103.223.202,XoUOCvNh4lAD
user_0007,2023-10-05 15:11:54,Purchase,3,177.74.253.72,gvbe6AkEvVYj
user_0044,2024-02-06 22:59:29,Purchase,2,212.242.240.245,kKyx22VyYS4q
user_0011,2024-03-22 2:55:44,Login,1,7.204.12.151,8zwRt55XpLWc
user_0062,2023-07-16 7:25:12,Purchase,2,3.100.12.126,dM6f5w4nslqF
user_0027,2023-10-31 10:20:35,Login,7,110.183.17.161,S2pRAZpnGkMB
user_0047,2023-10-14 13:31:26,Login,1,81.127.201.102,VWbQupleA2EI
user_0024,2024-01-02 19:08:58,View,3,52.17.250.223,hgotz2uDaa7X
user_0068,2024-03-29 15:24:11,Logout,2,59.139.246.124,4bHzXzgqDJRT
user_0027,2023-10-01 22:08:58,Purchase,10,14.177.52.93,dXip1hN3RlU3
user_0005,2023-10-16 14:12:08,Login,10,47.47.40.203,Ct2NyBCJ5a57
user_0048,2024-04-19 12:28:15,Purchase,1,98.122.191.26,8oNbOXxSHZXU
user_0057,2024-01-31 5:47:29,Logout,10,48.54.136.98,umS5cvjQyPHO
user_0027,2024-03-28 2:14:28,View,10,14.77.181.129,eG6ufDCWVFfX
user_0001,2024-03-08 4:43:44,View,1,157.24.66.82,Ro7W6wxh12JD
user_0055,2023-12-21 8:05:41,Logout,8,107.122.43.7,LVfwV45KJcXC
user_0041,2023-07-18 0:16:35,Logout,10,34.187.208.15,KN6IIsABJpHR
user_0045,2024-04-10 0:54:27,View,8,35.2.199.254,YisrkeAbddmi
user_0005,2023-06-14 13:20:38,Logout,6,138.213.192.254,ojlfPRek43Lf
user_0044,2023-09-30 18:24:24,Purchase,9,49.11.220.153,90VA5dsXNlzh
user_0042,2024-01-19 18:44:03,Purchase,7,192.229.171.222,AyaIQ9FYBLv8
user_0055,2023-05-15 6:45:57,View,4,60.226.40.57,F3h2CO48VKX1
user_0009,2023-12-10 22:52:19,Logout,8,250.189.12.128,tOgwzDqm10gc
user_0049,2024-02-06 21:56:36,Login,7,238.57.8.115,bCRHQv4g3QPi
user_0003,2024-04-18 18:55:23,Logout,8,254.210.232.198,5zIvKfSRiKzA
user_0055,2023-08-04 14:48:44,Logout,8,196.214.221.91,87OJ4azqNIFZ
user_0022,2023-11-04 7:19:01,Logout,10,130.26.238.202,xYcSg211xXSW
user_0016,2024-01-07 21:21:06,Purchase,1,111.55.154.70,ty8w0T2fWIEE
user_0034,2024-03-01 22:21:48,View,2,14.67.84.35,5bIM72MUjCGA
user_0053,2023-05-05 13:14:45,Logout,6,35.14.173.216,w1tlweWYpmIK
user_0070,2024-03-19 2:31:22,Purchase,9,22.27.161.72,Pt7LTFUnzgBB
user_0035,2023-07-21 1:30:33,Purchase,7,90.237.204.232,lDPSNP9DNpTM
user_0009,2023-11-06 1:29:38,View,2,121.16.212.156,uRnlpXsyfhYu
user_0052,2023-07-10 7:46:05,View,4,247.112.226.44,suh7S9J8rcaw
user_0009,2023-07-15 23:33:09,Logout,8,239.225.106.185,u7IA6ZiqVqFi
user_0015,2024-01-17 23:17:21,Purchase,6,55.213.93.168,Gjc0gWzEhQXB
user_0018,2024-04-20 17:25:51,View,5,93.194.104.160,n16uvEEimhbf
user_0012,2024-03-11 19:51:28,Logout,6,100.50.211.226,JNTzMX7D3JfD
user_0079,2023-10-04 8:24:28,Login,5,131.230.249.126,HaSBNt788x1T
user_0072,2023-05-02 18:48:35,Login,6,124.207.144.65,9EpyzcuecxYB
user_0023,2023-10-26 7:50:10,View,4,143.99.179.253,HAS1nN1sbzpr
user_0031,2023-12-13 16:38:14,View,9,96.179.24.176,S44L1NSsbG6g
user_0018,2023-10-05 9:02:21,Login,7,125.78.7.10,prWu2rXdhDHo
user_0050,2023-12-12 12:33:39,Purchase,6,181.93.226.139,BLPOLDjL7DPc
user_0004,2023-12-31 15:27:02,Logout,4,58.171.1.87,NHh2PIjUluEY
user_0032,2024-02-14 14:55:06,Purchase,5,134.62.47.196,pvkTHoKOKy3Z
user_0055,2024-01-16 13:11:40,View,4,109.97.10.47,sQQxwvAy7Ij2
user_0026,2023-05-04 22:01:07,Logout,1,167.38.41.144,Bo7Xx8mpc0M3
user_0036,2023-05-20 14:11:17,Purchase,5,162.151.97.15,u0AeYHEhtEjr
user_0057,2023-06-29 20:50:49,Purchase,9,167.13.47.46,0VqE5akkRVcL
user_0027,2023-04-25 16:58:32,Login,5,54.21.24.213,glbzaQCJaixL
user_0050,2023-11-02 21:03:00,Purchase,6,51.76.177.242,JqG4Y4J70f29
user_0024,2023-09-01 14:27:08,Purchase,8,252.188.97.172,lSfymEhrsiVP
user_0026,2023-12-04 1:39:05,Logout,1,1.92.170.37,PT2ahovNVbXP
user_0047,2024-03-23 11:37:31,Login,5,253.118.22.230,S0UpmJw8E8wf
user_0026,2023-12-31 12:43:41,Purchase,3,84.231.167.212,thKZewtL65xi
user_0024,2023-08-27 0:30:13,View,4,162.69.242.4,kt13EJl66lPL
user_0039,2023-06-26 13:14:01,Purchase,6,133.132.174.149,l8CXvRZ7I7va
user_0012,2023-10-23 13:57:37,Purchase,6,208.12.144.146,Ds6xMaH3Iavo
user_0032,2023-08-02 11:22:51,Login,6,178.114.58.245,myOH9bEpnEug
user_0005,2023-09-10 13:56:50,Purchase,5,84.49.14.50,j05p7gcaU7tb
user_0050,2023-11-11 16:35:40,Purchase,6,220.70.68.182,bg723DzdemYf
user_0072,2024-03-25 13:33:47,Logout,5,233.44.35.187,DOrVMlggekYO
user_0030,2023-09-12 22:05:39,View,8,173.204.246.147,w1exaVfwUYuU
user_0023,2023-10-05 2:43:03,Login,5,1.56.22.167,eGAN0RHIle3w
user_0026,2023-08-15 8:30:03,View,7,9.206.160.24,GPIHi6hyaxOg
user_0056,2024-04-21 19:48:52,View,7,51.117.128.128,GWZtUEPFDK35
user_0036,2023-11-18 17:23:32,Purchase,7,119.35.134.147,OpXdkSu8jtAJ
user_0036,2023-09-19 9:08:15,View,4,244.160.179.68,XepUp6OwingT
user_0032,2023-12-07 14:05:57,Purchase,2,230.109.220.117,lC7MsJmsDzhU
user_0044,2023-10-11 0:43:43,Logout,9,1.138.94.139,FlzfhMa9MIVO
user_0060,2024-02-29 23:41:38,Login,3,241.14.32.163,A1K78XqSkvXR
user_0055,2023-07-14 12:31:27,Purchase,9,207.121.248.142,rvyamumPUtqJ
user_0063,2023-05-11 23:22:53,View,8,45.32.87.202,9QQ7Cnc6jbT4
user_0002,2023-11-04 0:45:02,Login,7,202.175.100.227,L10g9sXGgkPn
user_0061,2024-03-31 21:11:15,Purchase,2,186.245.107.241,QXK5qvYix2NV
user_0053,2024-02-20 20:50:39,Logout,5,40.72.255.23,CMjQ5r21L3HV
user_0006,2023-10-09 16:39:02,Login,4,76.195.63.231,xiNKPBXqET7Q
user_0064,2024-01-30 21:19:40,View,9,135.123.203.78,mUnW1H8RB9oS
user_0080,2024-03-17 20:52:05,Logout,4,109.210.36.173,vbuvDKbHihng
user_0080,2024-04-13 19:31:55,Purchase,9,236.40.131.106,pbrwTwix16as
user_0043,2024-01-02 13:28:58,Purchase,6,46.92.35.214,OLwfmtGXoukj
user_0046,2023-10-12 19:19:07,Logout,3,223.184.59.145,JvMcccn6vfdx
user_0048,2023-09-25 23:59:07,Purchase,9,108.134.211.230,QoLNfYWNQRrN
user_0040,2023-08-15 18:14:35,Purchase,9,34.238.86.173,WTKiL7L8BN5S
user_0056,2023-11-09 20:41:42,Logout,4,58.220.91.87,LgCfVlBIuDLr
user_0059,2024-01-26 15:01:38,View,9,155.244.246.64,AoRGyONYtFge
user_0040,2023-06-18 10:03:15,View,4,241.145.44.35,Db0HVG695FcQ
user_0041,2023-12-11 22:31:05,Logout,10,45.55.90.49,vX3bvmkFA16M
user_0018,2023-09-13 9:34:29,Login,10,233.203.32.236,SbIONDMeWzAU
user_0050,2023-06-15 19:34:06,Logout,8,11.1.126.113,diJ6xhh7fUqm
user_0033,2024-01-11 11:30:29,Logout,1,213.213.177.210,qXBe3LczPBa4
user_0054,2023-08-14 13:04:41,Purchase,10,226.60.7.60,UP5o1FuF0GEV
user_0047,2023-08-30 3:10:38,View,1,35.3.206.61,nyFmYQywarSQ
user_0021,2023-12-28 4:36:11,View,8,42.76.130.121,cp3x53P1WrkA
user_0014,2023-09-24 22:46:52,Login,1,227.237.52.72,g26drxFYQ9Tg
user_0057,2023-04-30 16:23:55,Purchase,10,103.122.182.132,7hT5sJLqOvGs
user_0054,2023-09-23 20:35:19,Login,1,218.55.62.129,DblVRfqClUPd
user_0022,2023-10-13 0:29:53,View,10,38.167.35.141,m0ZJelv8QOil
user_0071,2023-11-28 21:31:38,View,7,138.226.226.79,DeHDz7C1BjWv
user_0012,2024-01-11 8:07:51,Purchase,5,204.248.23.219,BgOgA0sKWb5J
user_0018,2023-06-21 1:50:39,Logout,4,109.36.165.176,OBi29XhmjA7f
user_0028,2023-12-11 5:39:12,Login,2,50.223.92.103,ZhCCN4mJpTYa
user_0053,2023-11-12 6:03:00,Login,7,190.103.141.179,sI8kNl9drbt5
user_0063,2023-12-25 12:47:51,View,5,93.103.216.207,aaKIxBtYNkQQ
user_0059,2024-03-28 15:30:43,View,6,149.64.81.164,8R7KMMu5sPiW
user_0033,2023-12-10 19:58:41,Login,8,170.177.40.86,RZIdMHUKJhT3
user_0021,2023-07-23 11:02:24,View,10,208.221.243.63,LXTRy6PkELuP
user_0070,2023-12-21 12:37:11,Login,2,146.150.190.214,ZG8gXYaR7LWY
user_0075,2023-06-25 8:47:09,View,6,251.205.71.22,HHp2uxorffC1
user_0079,2024-03-25 20:58:44,Login,5,242.151.186.185,FS04vG1ngxAU
user_0067,2024-03-30 1:13:27,Logout,9,14.50.224.135,mEvv3XjyizQ7
user_0035,2023-08-21 9:49:58,Login,5,147.63.238.7,rbolIKYR7ozD
user_0061,2023-09-30 11:44:51,Logout,1,129.49.189.77,RbpSvpFgMqrP
user_0058,2024-04-13 3:38:56,Purchase,5,6.94.222.6,XcxNsLClTMiP
user_0030,2023-12-06 18:33:17,Purchase,6,146.4.209.11,UusJZo1IuDz9
user_0072,2024-03-14 11:23:58,Login,2,149.7.191.234,LafcYCKBllmV
user_0017,2023-10-05 17:37:33,Purchase,10,18.234.128.224,6bkBVK4Pmx5D
user_0058,2023-04-25 11:24:00,View,4,77.248.132.226,2sCAa26XV9Y0
user_0030,2023-08-12 6:00:12,Purchase,4,234.24.194.57,603Y0NK8wWd9
user_0005,2024-02-27 0:20:33,View,6,210.48.129.249,68KBDET8AS6k
user_0058,2024-02-28 2:10:57,Login,4,189.148.128.199,bGy7e4Sx6mWG
user_0033,2023-07-03 20:38:50,View,4,125.31.131.110,CfO66u8jy7Xs
user_0067,2023-07-05 22:56:32,Purchase,9,155.101.83.62,69fyvLQPBRs5
user_0071,2023-07-30 21:42:08,Login,9,116.179.119.33,SpcJobsAplaT
user_0022,2023-05-11 8:52:53,Login,9,226.142.240.39,mwEImzogkgOa
user_0052,2023-11-23 18:44:18,View,10,5.247.130.71,hvGbU6r2XjM2
user_0051,2023-12-23 10:17:42,Purchase,1,96.29.21.141,OlFLTLtt82hP
user_0034,2023-12-01 5:16:22,View,9,185.172.70.198,JBANtNxaR50D
user_0044,2024-03-25 6:27:03,View,10,15.230.196.243,rIAVXaH35Lxe
user_0056,2023-11-08 17:25:23,Logout,5,41.96.0.220,HZd4WYi3FEER
user_0004,2023-07-10 4:03:47,Logout,1,124.255.165.214,N2SpoHJiw55P
user_0078,2023-08-22 10:01:33,Logout,8,163.7.10.22,9h3wnqDkav7D
user_0011,2023-05-26 2:00:19,Logout,5,25.185.227.194,IxVGUiZmQqf2
user_0026,2023-05-29 0:23:30,Purchase,9,79.227.35.84,JHctdgbc0nC4
user_0026,2024-03-29 16:33:21,Login,7,99.153.13.234,n3q3tyvPxZUs
user_0038,2024-01-04 4:06:53,View,7,18.199.228.199,V5heKDQhKYEJ
user_0037,2023-06-03 22:32:30,Logout,1,132.35.241.168,VFWToljrBUOu
user_0023,2023-07-11 7:23:44,Login,3,121.78.146.201,og6A8vPJUvOB
user_0016,2024-02-28 10:19:18,Purchase,4,158.204.22.222,gDveZZqC2l2a
user_0066,2023-10-02 16:53:20,View,4,104.89.17.205,evvIppT9vX3J
user_0035,2023-12-31 17:03:22,Purchase,1,177.187.10.122,CzeGB83gyF6C
user_0021,2023-05-18 1:17:39,Purchase,4,171.189.41.251,9ge2P1EoTGIV
user_0074,2023-12-29 4:28:53,Logout,5,94.181.77.92,fgnkIuxnT6nn
user_0028,2024-04-13 1:53:37,View,3,190.255.165.127,jyKfV5nHXaO8
user_0048,2023-05-03 5:56:51,Logout,2,126.95.168.50,lZkhVmDGywqZ
user_0062,2023-12-14 17:26:34,Logout,7,147.253.45.187,eiZGo6dSYsav
user_0079,2023-06-04 9:33:01,View,3,105.255.128.249,njNulEinUslq
user_0016,2023-11-29 4:25:10,Logout,7,93.196.219.28,Sc8G9uE5q1YO
user_0061,2023-09-05 2:34:44,Purchase,4,209.76.49.13,LrWXRbfijISl
user_0073,2023-06-11 3:18:21,View,2,88.81.253.60,7ZzazGJJ4GGa
user_0035,2023-10-22 10:54:05,Login,6,61.203.230.58,WArcP2IKmhrn
user_0050,2023-09-27 6:20:35,Purchase,9,93.170.225.57,pr6uY6fW7ryU
user_0035,2023-05-10 1:07:39,Logout,7,13.135.71.170,JIaVh5yB4B79
user_0018,2024-02-22 8:02:14,View,2,158.15.87.65,Lgl34i8Lb7yW
user_0040,2024-02-15 3:00:28,Logout,1,149.170.86.73,n6MW4TN7fQRO
user_0012,2024-01-24 21:36:00,Login,2,9.28.232.121,Negp4fI6lI0N
user_0035,2024-01-28 20:16:14,Login,3,107.111.169.183,EzxCoE9gxTML
user_0053,2023-09-05 19:28:20,Purchase,8,136.200.212.142,ySb1OJuJuUs5
user_0052,2023-11-13 13:20:03,View,9,233.234.242.25,zCLhFB9ooAw9
user_0012,2024-01-05 12:04:20,View,6,64.99.217.78,cH4hcdo5StWd
user_0027,2023-06-24 4:58:31,View,7,17.140.128.45,oLFJSMUrS6xl
user_0033,2023-09-14 21:33:12,View,10,136.78.194.209,8WYadfch7YfR
user_0008,2024-01-23 3:55:06,View,1,192.169.28.248,M7ZWoEPqLiEH
user_0032,2023-06-16 0:20:30,View,6,119.185.196.19,YeauseG8KDmX
user_0026,2024-03-09 4:12:49,View,6,83.153.124.214,Xs2qyzPSDJKD
user_0030,2023-07-29 22:56:26,Purchase,9,20.70.170.166,DtjaNrPl00tB
user_0004,2023-10-20 19:29:38,Purchase,6,88.199.194.49,IVObtiUzwARv
user_0012,2024-01-11 12:42:46,Login,3,113.253.64.252,IQmc9IFJZ3wW
user_0056,2023-05-14 20:46:24,Login,1,78.95.181.112,1Ir2q0T2aGwH
user_0070,2024-03-12 15:16:44,Purchase,6,121.202.35.218,1SQ060HrcUwP
user_0038,2023-11-10 6:24:33,Login,2,168.192.134.235,1xHRTYt5ZAyh
user_0078,2024-01-31 0:33:09,Login,9,212.213.43.108,hh0xMlJf6p7y
user_0056,2024-03-30 12:31:48,Logout,4,113.75.14.95,lZ9XS6XIXXHQ
user_0016,2024-03-03 15:41:12,Logout,1,231.144.201.65,Wt57T33X9e0Z
user_0029,2024-01-24 7:43:47,Logout,7,249.227.89.218,fEAME9ah8OtG
user_0015,2024-02-17 9:31:01,View,8,199.175.132.51,Wg5zUBnCG9gL
user_0029,2023-12-02 21:13:57,Logout,5,182.60.51.35,LiDwNozPWASO
user_0058,2023-07-25 1:45:08,View,1,148.72.23.120,GeiYnWBAMFsv
user_0045,2024-03-07 0:22:40,Logout,9,234.173.89.38,bRgblRSOTH82
user_0009,2023-08-12 22:55:34,View,1,24.17.246.50,2Jl9mzEpID9W
user_0015,2023-06-25 8:11:31,Purchase,8,4.108.88.178,ikuMnMNtIt1J
user_0043,2024-03-02 13:28:13,Purchase,5,249.86.49.238,Z0tFM1vmjoBX
user_0056,2023-07-29 6:09:33,Login,5,54.122.117.76,Z2wkPqvkgP94
user_0066,2023-12-19 1:32:22,Purchase,8,162.188.156.113,enfgXuUTCxSp
user_0026,2024-01-17 15:40:45,Logout,2,122.118.53.164,chVTTKR3LwZC
user_0005,2024-04-01 17:57:04,Logout,3,208.98.31.84,PAMwmh2WIFFu
user_0030,2023-05-22 20:40:25,View,7,138.56.191.184,lL1mtRFOHU6y
user_0064,2023-08-13 14:39:03,Purchase,3,208.127.38.35,kIO7DEqVPPJv
user_0020,2023-07-13 13:18:30,View,8,177.166.84.230,nnTwIcXWlHUC
user_0038,2023-07-17 13:26:01,Logout,7,9.26.232.168,cXvfxTl0AwGN
user_0073,2024-04-11 7:11:08,View,4,99.217.167.26,TbHErsqL1on5
user_0056,2024-02-07 21:03:20,Purchase,9,225.196.36.244,T4Ej2eTJ8NGf
user_0067,2023-10-20 23:47:15,Purchase,2,190.19.15.31,ncT6ZRA19STw
user_0051,2023-08-12 4:15:12,View,10,82.114.247.83,EZCz8OMlGj0t
user_0061,2024-04-12 4:12:24,Login,7,60.170.184.233,iewsouABsfyv
user_0050,2024-04-17 19:30:41,Logout,7,78.25.2.235,ctowl3YZ51US
user_0061,2024-01-21 16:06:09,Logout,6,210.13.69.233,ux2lZx0pCNO8
user_0026,2023-07-27 0:33:23,Logout,5,162.110.140.70,GogEfD9tKisP
user_0007,2023-07-07 1:52:30,Login,4,186.10.240.118,6q4TtJY9CI0N
user_0023,2024-04-02 21:20:57,Purchase,3,157.239.21.59,D2GPryPSZvHL
user_0065,2023-05-22 4:40:50,Login,9,69.80.5.242,fyYVwoHixITT
user_0054,2024-04-17 16:04:28,View,10,140.90.222.12,BmnztLQXjCSk
user_0080,2023-06-18 21:55:38,View,7,165.25.135.103,RmP2R3iB0oy5
user_0005,2023-10-13 14:02:05,View,4,178.1.226.68,vrpqhobQ36cn
user_0009,2023-07-18 12:57:33,Login,2,17.204.216.236,P6aQNKhVg7hc
user_0025,2023-07-03 22:09:15,View,1,145.171.170.85,eCTXUEoNVZvd
user_0008,2023-08-21 15:51:59,Login,4,167.142.205.207,YmDxJmmvSvUm
user_0072,2024-01-17 5:04:59,View,6,156.181.161.194,fN79mQrQq2DP
user_0033,2023-08-17 21:41:36,Purchase,10,160.166.143.250,MfsLi021f1vW
user_0003,2023-05-22 9:33:53,View,2,15.38.156.59,1MsU0KQ0lCCr
user_0002,2023-05-10 5:41:15,Logout,10,228.82.219.61,KyxwWO4FL89k
user_0008,2023-09-05 3:46:52,Purchase,9,40.191.133.228,Y2KnDW7qYzR5
user_0056,2024-03-03 6:50:22,Login,7,187.130.124.131,Jp4ilbeQ8wbU
user_0019,2023-08-05 21:26:06,View,2,14.220.139.81,KaaDH8q6o4PU
user_0021,2023-07-08 14:10:30,Purchase,9,121.100.184.182,DxcCDPlk443q
user_0062,2023-11-11 22:31:58,Logout,8,224.48.88.138,39lw2QkZtUyG
user_0079,2023-10-22 8:54:46,Purchase,1,239.4.90.150,JPF6k17RYBFB
user_0072,2024-02-12 23:35:44,View,5,160.44.218.191,3bgy4Q4VN75r
user_0010,2023-06-08 22:23:08,Logout,5,3.48.90.167,4o4JyVrxKjqh
user_0041,2024-02-23 2:44:37,View,6,65.76.234.61,hOFa1cSDH5OE
user_0031,2023-12-03 12:50:41,Login,1,242.176.118.6,I81IQ4MjBw2f
user_0056,2024-03-15 20:32:48,Purchase,7,116.11.113.186,Qe3lHmnVBrU5
user_0045,2023-08-27 16:23:20,View,1,86.121.86.165,aW8nz5mTorKo
user_0032,2024-04-04 19:30:25,Login,5,119.104.35.145,ImkmsieeIz8S
user_0050,2023-11-23 9:46:33,View,4,198.41.100.233,kUKPwp8rmypm
user_0059,2023-11-04 18:56:17,Login,7,61.149.61.170,NFRTOJcyWpYQ
user_0020,2023-07-11 19:36:21,Purchase,9,32.84.251.71,muJ12JMwwo8I
user_0069,2023-08-22 23:45:15,View,5,165.111.23.49,P6ZiRpasN8rY
user_0072,2023-11-27 18:24:10,Logout,7,190.134.4.210,3qdItPQSdD7B
user_0062,2023-11-24 12:17:10,Purchase,7,105.202.69.101,PUkxoJacWk4s
user_0053,2023-12-21 16:27:24,Login,7,238.100.248.24,UFXbgS9KSdcF
user_0047,2023-09-11 9:26:18,Purchase,1,102.176.156.199,rSdvwrUputqF
user_0059,2023-08-25 2:14:06,Login,8,192.79.6.19,CpAgygquzGRW
user_0052,2023-06-08 16:07:25,Purchase,1,200.172.81.137,SQMtCuoOjR0j
user_0037,2024-01-10 16:21:58,View,7,28.43.159.8,t92yrzAWQB1K
user_0024,2023-08-05 14:31:44,View,7,25.185.39.237,BogvMA9PiqgN
user_0072,2023-05-20 2:25:47,View,10,250.71.151.134,wPwYHEMmkyxU
user_0032,2023-11-18 6:54:16,View,8,13.173.171.117,1RVKZwKQwoDc
user_0030,2023-05-20 15:59:11,Logout,9,93.232.188.146,Mu8tNXPEnGyl
user_0031,2023-10-15 4:04:17,Purchase,8,47.100.141.245,w1Kk9YdKhG2j
user_0018,2024-01-04 22:39:53,Login,3,227.27.48.95,UdSEo2sdp3Px
user_0038,2024-01-24 11:36:57,Login,7,42.142.107.31,4wkn9Ktb5ztt
user_0024,2023-10-04 7:41:51,Logout,3,34.119.32.211,dVf2KtxTba0T
user_0056,2023-05-22 12:19:54,Login,7,93.142.27.68,LdqRH2SWoQWa
user_0014,2023-09-04 13:10:45,Logout,3,211.85.146.7,PlNe6eG0IJTb
user_0076,2023-10-17 16:21:23,Purchase,7,30.221.191.173,zGKKifuwYJ73
user_0013,2024-02-01 7:53:34,Purchase,4,35.222.61.240,CPaihiBA8PYa
user_0018,2023-09-25 22:23:38,Logout,2,245.171.160.201,EFDGE3pvqfRR
user_0056,2023-07-22 7:41:02,Purchase,8,212.67.218.2,ZVgR2w09N60I
user_0019,2024-03-17 4:55:33,Logout,3,7.69.180.66,OatXDEJRxSPp
user_0053,2024-01-19 12:56:14,Login,8,177.154.61.39,qfWNfHiePSne
user_0061,2024-03-16 11:14:27,Login,8,177.228.62.41,zY3ePJ2hZLNP
user_0065,2023-10-08 20:13:53,Logout,2,48.71.4.80,kFukhb1w67g7
user_0004,2023-09-22 16:02:26,Purchase,2,254.178.174.43,lHTFDVoX9EMD
user_0043,2023-06-29 4:56:04,Login,6,192.150.232.209,NYtYOoa3auwG
user_0031,2023-07-28 22:07:43,Logout,3,87.42.64.213,QN9VFCRx6iTT
user_0064,2023-10-29 15:08:32,Purchase,3,58.59.251.134,llIRtUCyf3Vw
user_0011,2023-06-26 6:21:29,Purchase,8,144.243.246.133,WrhsKr7TsdPN
user_0026,2024-01-04 2:03:25,Logout,7,186.208.202.171,oXtMIZwQQ67D
user_0065,2023-06-01 12:01:33,View,5,102.235.64.181,piMqSW8u13Xi
user_0013,2023-09-11 5:23:32,Logout,8,34.167.117.39,SGw44WE8JZVs
user_0015,2023-12-02 1:03:35,Login,8,102.215.34.24,2XTXKvHJ9TQd
user_0080,2024-01-07 9:45:48,Login,2,42.60.211.137,6M1kgqJODQ2x
user_0065,2023-12-23 21:21:12,Purchase,8,229.229.84.65,ulKXUkdbYAEs
user_0053,2024-02-17 15:35:16,Logout,10,127.243.33.255,7doG8oa63uRJ
user_0050,2023-11-03 6:29:21,Purchase,7,246.26.188.69,6HTThDXADbvf
user_0066,2023-07-04 9:56:08,View,1,204.95.205.156,XdEAUujflqJ4
user_0008,2023-10-10 16:07:32,Purchase,8,134.11.20.11,6WQA8NpIW09C
user_0061,2024-03-01 4:12:28,Login,7,9.45.193.85,RHLByqps7p88
user_0053,2023-06-08 10:40:14,View,1,254.220.145.66,BVMIAtemHCb5
user_0049,2023-05-11 13:22:35,Logout,2,178.25.172.252,H4OAbk4lbCaP
user_0009,2023-08-28 14:37:04,Login,7,109.222.98.91,rLqOkE0trS9T
user_0004,2023-12-12 1:14:29,Logout,1,120.203.147.209,Us18Sam3wOct
user_0035,2024-03-31 13:41:27,Purchase,4,89.133.69.33,WIOgTlKRsGiR
user_0067,2023-06-08 18:05:49,Logout,9,205.181.68.19,1DyztBz8Qu8N
user_0010,2024-04-16 5:16:37,Purchase,10,63.140.128.245,eHOwX7gcCaAl
user_0032,2024-03-19 5:12:43,Logout,7,81.218.196.36,GraisaVDSGoR
user_0021,2024-02-08 4:32:19,View,9,251.15.89.62,9RDQmBarKVL6
user_0075,2024-01-16 1:07:38,Logout,6,40.187.102.167,UhNcBvDb6BKU
user_0047,2024-04-07 17:55:16,View,4,93.154.255.76,RTGPl6GjbbKX
user_0065,2024-03-05 8:12:01,Logout,3,39.192.248.116,wO4mluV1LIL0
user_0061,2023-06-12 23:51:52,Purchase,9,98.241.179.54,RrpAHtNDuNMv
user_0075,2023-10-07 11:48:54,Purchase,8,123.200.92.12,MbIXhV3sSnqV
user_0038,2023-06-18 21:58:49,Purchase,5,126.120.79.81,OD5VPtHnA3H4
user_0022,2023-12-06 11:56:12,Login,5,228.37.82.210,EHlYrk2ZvlQT
user_0040,2024-01-10 16:05:15,View,7,151.8.204.70,mnQS8hbYAWuX
user_0030,2024-02-02 10:28:13,View,1,175.197.114.105,MHpU8yvBdWxZ
user_0063,2023-08-26 5:20:13,Login,3,165.164.145.91,NEKkezJXovkh
user_0012,2023-11-05 15:57:49,View,10,191.212.220.10,DzU8QOrqTn5p
user_0078,2024-01-24 17:19:29,Login,6,225.110.219.6,ury1MI8IkvFQ
user_0054,2023-11-12 9:05:20,View,3,68.18.156.40,634qyPKlAByc
user_0037,2023-12-07 14:21:14,Purchase,3,203.84.235.61,3OufUsr76fu5
user_0047,2023-06-11 14:22:35,Logout,6,198.230.57.82,MdbsiHm97gNA
user_0052,2023-08-02 1:20:53,View,3,165.67.96.8,rqSfR3XWuaws
user_0027,2023-12-14 20:24:39,Logout,9,15.118.236.115,g9qYr2wQ1psL
user_0005,2023-12-27 3:22:41,Purchase,2,117.254.206.111,FQwBp4etHN6m
user_0063,2024-03-24 20:54:17,Logout,8,45.240.23.201,5UNywHAO9OAF
user_0059,2024-01-22 20:26:27,Purchase,4,133.62.152.219,VhWJmKnUomV8
user_0031,2023-07-24 13:57:52,Logout,7,17.80.251.123,JaDpP1Y1InrD
user_0078,2023-10-12 13:26:46,View,1,205.243.10.136,4BCghXBHy6EI
user_0043,2024-03-27 8:25:56,Login,2,229.124.26.104,Wyo7cQCQzUJ2
user_0019,2023-07-10 2:36:25,Logout,3,132.46.137.17,IhGZqOmicusg
user_0008,2023-09-09 14:22:20,Purchase,5,23.205.133.174,6wA5E4pxN1lF
user_0029,2023-05-09 6:08:10,Purchase,1,60.92.82.2,YHDjPOlqU8u1
user_0026,2024-01-03 13:55:07,Login,6,236.174.243.113,4w4KOJWjh5ob
user_0034,2024-02-28 19:37:58,Purchase,6,91.69.101.57,vbDiGA9s4t4o
user_0025,2023-11-15 12:38:28,Purchase,3,103.160.42.138,yNpCLBn2a3lg
user_0063,2023-11-05 12:46:14,Purchase,1,119.235.198.201,K0J9d2igUdh8
user_0036,2023-05-19 20:13:42,Logout,3,233.170.92.106,BHoJO0Oakrfc
user_0050,2023-11-16 0:33:22,View,10,161.22.221.222,8AOTA6OfNEir
user_0072,2023-12-24 11:09:15,Purchase,7,187.85.66.166,ZE57utWbwc5y
user_0010,2023-06-13 8:50:44,Login,2,199.187.58.119,DmTM0lZcdpVQ
user_0079,2024-04-15 13:51:49,Login,1,84.187.199.147,k7LzZc7ms4RK
user_0067,2023-05-05 17:52:40,Logout,9,183.236.3.242,aqfffUaS7Fw3
user_0006,2023-10-22 13:05:55,Logout,8,225.32.11.147,tuxWh3wTt2KU
user_0073,2023-10-28 8:22:18,Purchase,1,217.18.166.2,2fo3hberztop
user_0022,2023-05-20 1:05:27,Login,1,126.30.13.116,ZbF6MCxn57Zv
user_0024,2024-04-14 7:35:57,Login,7,14.159.74.174,D6Lqj89meGNZ
user_0077,2023-06-04 9:48:05,Purchase,4,166.180.150.132,u0TvCq3gcR68
user_0072,2023-12-28 22:27:44,Purchase,6,1.93.103.161,ZFPdRT7OtYSu
user_0060,2023-06-03 17:54:43,Purchase,7,174.36.98.8,qtZfODGHIZkz
user_0069,2024-01-18 5:37:16,View,7,255.164.0.91,OFW2AAdkAc3f
user_0072,2024-03-16 22:28:13,Logout,6,210.130.205.132,dds8LbyGUrpe
user_0056,2023-09-08 1:18:00,Login,8,150.29.199.127,fkGFZP3TIY7s
user_0067,2023-08-10 16:30:00,Login,8,251.95.77.143,Ljx0pUCiXs3h
user_0044,2024-01-10 19:28:18,View,7,204.35.162.227,DvaN507Ga8Rf
user_0057,2023-08-10 2:34:09,View,7,8.98.222.90,K5Q1nHUH2oM7
user_0039,2023-07-07 10:56:40,Logout,5,125.34.11.157,vumkLdNNrbVg
user_0002,2023-11-06 8:32:56,Purchase,8,129.253.214.127,1gNsMqGHWTnC
user_0071,2024-03-12 4:54:17,View,6,151.226.97.126,AvjfaaxNVAJ6
user_0011,2023-10-28 19:36:45,Purchase,6,170.149.53.31,IQ6y74elQ8Km
user_0047,2023-05-12 13:31:49,Logout,7,36.124.192.199,JacTbUoTkjm7
user_0057,2023-12-13 22:40:05,Login,7,62.232.20.190,q7StBreRJC1G
user_0048,2023-09-29 23:03:23,View,4,252.72.221.32,fmdEjA81vx8d
user_0077,2024-04-01 3:23:13,Logout,10,14.29.10.141,yKPkVSOoh5UT
user_0051,2023-06-08 10:58:29,Purchase,3,234.38.77.146,SlW8IUs7Cexr
user_0047,2023-12-01 12:24:03,View,4,13.250.6.236,XNu7M19qRtcg
user_0003,2023-07-25 13:06:25,Purchase,10,177.56.67.216,GWCOc1zhAZ3S
user_0067,2023-08-10 12:39:37,View,2,118.67.75.103,PtAI6wHOzR5Y
user_0035,2023-08-31 18:00:50,Logout,9,102.99.215.30,TFJUuxzrq3Gk
user_0049,2023-11-04 9:28:01,Purchase,5,189.28.149.180,eVb4dqhqNEAc
user_0076,2023-10-01 1:02:46,Purchase,2,140.124.80.222,p5AustPZAeFO
user_0023,2023-12-21 20:36:29,Login,3,106.21.235.121,XZi3b2VhZ6Ho
user_0072,2024-02-24 12:07:32,Login,1,128.229.104.123,zhZyuuHADXs2
user_0075,2023-09-27 21:48:49,Purchase,6,205.211.72.15,pUunzFLMLMn9
user_0012,2023-06-19 23:19:03,Logout,8,161.146.156.200,XPh59XQ9lS7A
user_0043,2023-09-03 7:30:43,View,9,182.203.41.45,RyihCBQQbwIq
user_0026,2023-07-14 18:43:33,Purchase,7,130.182.24.189,B18BglDAab9L
user_0043,2023-11-04 16:59:30,View,10,132.144.169.170,iTqNU6cKuiae
user_0033,2023-09-14 16:50:57,View,3,33.90.105.253,LIzGWl5Ihngu
user_0074,2023-05-16 3:10:01,Purchase,10,228.42.25.150,fKuCXGxcttCf
user_0008,2024-03-27 17:14:23,View,9,130.115.113.232,3zJYII7JQuRG
user_0070,2023-06-30 2:15:09,Purchase,5,98.152.13.58,930I4fKWp6gX
user_0021,2023-09-17 2:23:47,Logout,6,74.122.87.146,lsVDbvY9xu8u
user_0044,2024-02-03 9:55:09,View,10,164.64.238.244,enU9wmZlVaBo
user_0003,2024-01-10 2:03:11,Purchase,3,49.116.219.61,vvRJJSVloGnI
user_0072,2023-09-13 13:08:05,Logout,9,133.182.147.43,TAdqFheAx9me
user_0008,2024-03-27 5:17:48,Purchase,4,34.115.73.181,ftXcwOa03939
user_0070,2023-10-23 22:02:35,Login,10,177.141.236.216,hGnb4g1cISiS
user_0014,2023-12-30 9:25:19,Purchase,9,150.94.229.105,ao92dvKCBmc3
user_0016,2023-05-24 8:29:28,Purchase,2,209.252.51.130,497wQ4RRn6Jo
user_0042,2024-03-29 3:08:16,View,1,116.141.65.158,6jZkQGFy4sUJ
user_0052,2023-05-09 12:12:33,Logout,7,184.114.130.119,uKYZRvpE29BK
user_0028,2024-02-13 8:05:11,Purchase,8,230.99.189.224,4Oe1h6fVDZlH
user_0048,2023-11-29 14:14:39,View,8,191.22.186.70,2MrLtfz4kAuo
user_0053,2023-05-31 21:46:39,Login,8,208.255.100.199,7ORMegjKYmMq
user_0001,2024-03-27 10:44:14,View,2,92.145.4.216,zHORcg10rlCM
user_0076,2023-06-18 12:01:39,Purchase,2,184.38.49.203,uqi4k8ZYGHx3
user_0070,2023-11-20 16:24:18,Logout,9,69.169.141.55,4oV1IMCrYMh9
user_0012,2024-04-20 16:06:23,Purchase,1,56.128.197.226,g6kKhfGO1hIl
user_0045,2023-10-01 18:59:35,Purchase,1,95.64.228.36,9JV09ggWvXlZ
user_0054,2024-04-13 8:50:00,Purchase,6,21.50.221.240,Vt84v3aWGTxS
user_0012,2024-04-09 17:15:36,View,6,147.254.211.74,ONOZ2WVdinYm
user_0021,2023-10-18 9:54:20,View,7,115.144.214.175,x5zEjoPxd29j
user_0077,2023-07-18 23:16:40,Login,5,15.225.56.234,TajivoRAhkpc
user_0057,2023-10-19 18:48:37,Logout,10,80.179.44.14,2hneKM1OyE1m
user_0019,2023-11-01 1:56:39,Purchase,3,171.47.177.14,iJ5glJ4PX4VM
user_0024,2023-07-13 4:18:36,Logout,10,36.212.171.29,qcDRBszGOh31
user_0060,2023-12-06 19:34:39,Purchase,10,124.204.69.190,W0IpaXXOcm37
user_0027,2023-10-11 2:32:46,Logout,9,40.174.39.88,9ScXcB1lyZnO
user_0015,2023-08-30 2:17:36,Logout,7,183.2.239.4,DZi8SsbbqvyE
user_0051,2023-08-08 2:04:56,Logout,1,195.178.55.193,uUSEppLaks0J
user_0035,2023-07-30 9:57:29,View,10,194.254.202.235,GOlEWuQNunKQ
user_0047,2023-10-15 19:33:25,Purchase,8,140.237.58.249,IUiq38TPY5lg
user_0055,2024-02-03 7:09:20,Login,2,165.42.231.17,yVcv9FhS6QyI
user_0065,2023-07-14 14:41:45,Login,5,140.164.169.110,BJdN1Eh2JVGX
user_0035,2023-08-26 22:35:45,View,4,81.79.197.204,qar84Cg6dHnr
user_0016,2024-02-29 23:50:11,Purchase,6,179.196.60.33,sAPISEj9hu87
user_0055,2024-04-11 1:34:59,View,1,107.6.182.184,LfiNkSwWxohI
user_0056,2023-07-11 23:46:51,Logout,1,50.132.151.116,6NBsals9WZR4
user_0015,2023-11-12 3:53:54,Purchase,9,187.86.140.45,7KqWNRdw29UX
user_0002,2024-01-19 14:45:13,Logout,8,147.113.54.130,Cmokt6WMcNfX
user_0058,2024-01-14 15:18:12,View,10,213.65.155.95,S03Ofu0Debjj
user_0014,2023-10-03 19:43:15,Purchase,4,153.4.127.116,nQ5xPknJtsEP
user_0036,2024-01-07 0:55:14,Login,3,101.106.12.2,ISxqkIORRyWX
user_0022,2023-07-08 0:06:31,Login,6,216.209.98.254,uBXoiTJm9EAJ
user_0021,2024-02-18 7:08:52,Login,6,152.82.184.118,MqAgiKiJvm44
user_0053,2023-06-03 3:23:58,Purchase,7,202.143.212.171,eygBZnfuOjZZ
user_0010,2024-01-06 8:37:06,View,4,208.118.125.165,8rbt2wKmU53b
user_0069,2023-10-30 8:27:57,Login,3,19.196.84.253,uaQnWGVLFmQN
user_0049,2024-01-11 0:33:31,Purchase,9,230.141.146.160,mYHfHZBHUcSS
user_0019,2023-09-17 20:40:06,Purchase,4,208.135.52.9,aF1PbEXdWAqb
user_0022,2023-11-30 12:38:21,Logout,4,14.27.3.102,hNC6uj3YZNNh
user_0046,2023-07-18 22:34:27,Logout,6,221.222.250.228,znYhnl1vIwB8
user_0016,2023-08-01 18:15:01,Login,4,91.16.81.12,xtODi75LzahZ
user_0065,2023-07-19 16:43:39,Login,4,193.100.51.168,8GW5AlHsS9yT
user_0009,2023-05-27 0:17:51,Login,1,29.246.54.81,1ZvNdjZYburI
user_0032,2024-02-18 17:19:30,View,3,42.221.151.147,ZeYQ3XTqw0pW
user_0059,2023-04-29 9:05:44,Logout,3,223.121.182.253,c7FHvGrQE7GR
user_0008,2023-04-30 6:03:34,Logout,8,15.93.219.55,IO5dNMYLt6p2
user_0060,2023-07-04 18:16:00,Purchase,1,252.201.239.251,mdTPUNsugB4S
user_0024,2023-04-30 9:49:52,Logout,3,223.45.15.155,B1jOGynhsPI2
user_0052,2024-04-06 2:21:04,Login,3,85.88.104.159,PKijSNQkZR3C
user_0060,2023-10-02 17:13:50,View,4,132.59.161.21,NS4z7kY7MtKU
user_0015,2024-03-22 3:01:47,Logout,9,73.183.235.4,zmCKwAD9BVo4
user_0076,2024-01-26 23:59:52,View,4,41.52.101.179,mm0kLo9uOT0g
user_0073,2024-01-29 17:32:43,Login,8,193.177.187.9,emnR4TpK4jJK
user_0021,2023-09-15 4:06:09,Purchase,10,175.244.38.224,Fdckzce7k99W
user_0061,2023-09-13 1:08:46,Logout,4,185.85.68.184,e9ZEA5d7BSO7
user_0049,2023-06-20 15:01:33,Purchase,2,68.17.30.92,1qdoOnelxa8Y
user_0008,2023-08-15 5:06:58,Login,8,181.134.118.54,DrTr4LblXnE5
user_0019,2023-09-28 22:46:40,Login,4,32.181.160.127,JWgtjHdUGhmi
user_0061,2024-03-26 14:04:23,Logout,9,6.229.9.123,27zFM9XoQnti
user_0033,2023-08-02 21:33:45,Purchase,10,6.94.77.158,6oRr4MoLCFiq
user_0066,2024-01-30 21:04:16,Logout,5,174.234.166.104,oKVFUtxIYRfj
user_0040,2023-09-27 12:13:52,Logout,9,156.66.64.219,59TXVoXZ4jV9
user_0069,2023-08-27 3:09:17,Login,5,113.39.52.0,8XjmM9o5amrz
user_0039,2024-01-03 7:49:34,Logout,2,233.111.107.152,OMaxWU0DcCK5
user_0038,2023-12-29 8:04:59,View,6,145.91.48.146,j1sV01f8O1lL
user_0068,2024-03-06 18:10:43,Purchase,5,197.231.249.25,22fgzN4sottH
user_0010,2023-07-01 10:34:19,Purchase,2,122.156.70.239,IoVGNVSOXKjQ
user_0003,2023-12-02 13:44:52,Purchase,2,137.125.102.156,K0lj0vuzVb9y
user_0036,2023-09-29 18:46:23,Login,5,170.23.156.192,6LNiKo6hntPM
user_0042,2023-11-12 14:56:11,Logout,3,142.218.245.137,StShJ20OQk0N
user_0004,2023-11-16 7:12:46,Login,2,137.75.76.45,OIZZswgDCCfN
user_0029,2023-08-25 12:10:14,Purchase,1,132.139.167.31,Zkeio46KHTWC
user_0079,2023-06-16 13:21:24,Login,9,138.20.111.114,jzGtibJc8VbN
user_0073,2023-10-06 4:46:43,Login,4,209.65.44.175,aUpJew9wqwLO
user_0051,2024-03-28 22:21:38,Purchase,6,156.81.253.19,vldnirt8ZCyS
user_0041,2024-02-27 3:48:00,Logout,2,214.76.140.240,t2WmLsiSyQ0x
user_0077,2023-08-26 9:18:51,Login,6,48.76.26.131,CHxMpfW9yLxX
user_0056,2023-11-07 10:51:58,Logout,10,120.46.136.6,gvXmKgMTfIGF
user_0041,2023-10-21 7:43:17,Login,2,176.7.53.80,HHLV2LPdnUOD
user_0011,2023-07-24 11:42:11,View,4,150.193.161.196,dNBqxH1bMJzM
user_0055,2023-09-15 20:59:01,Logout,2,4.246.209.179,BxdtQxjjohXA
user_0041,2024-02-02 20:40:10,Purchase,6,246.7.154.144,KSO1a8g5m8fW
user_0080,2023-06-15 17:53:30,Purchase,10,63.26.56.153,QOhrOV0r0K63
user_0031,2023-05-21 14:26:31,Purchase,10,58.213.102.18,Y41mwG041ZhD
user_0004,2024-03-07 2:13:38,View,1,49.86.134.173,WJ8pUN5hvIGv
user_0041,2023-09-28 12:19:20,Purchase,2,97.245.177.35,EoYyR5rF5IeX
user_0031,2023-05-01 16:03:42,Logout,1,53.242.116.52,LDVuAR42xYDx
user_0035,2023-05-26 11:36:57,View,4,224.197.90.215,82VteDNnIbnd
user_0077,2023-06-21 19:43:12,Login,2,173.15.117.130,XbkuX1SzqB8D
user_0014,2023-09-05 3:54:29,Login,5,125.252.163.96,Vf6yKfxa4SIy
user_0006,2024-03-31 7:03:21,View,4,254.243.232.239,lABclqKLefZh
user_0041,2023-06-02 11:16:26,View,3,100.248.129.242,uwFObYF23sFC
user_0026,2023-11-06 0:56:29,Logout,4,70.41.63.194,TXvZbZV7WTcp
user_0072,2024-02-03 13:28:38,Login,4,146.114.94.230,HOsd8v8H4Qo1
user_0026,2023-10-24 20:29:51,View,8,136.82.52.136,sB4dOG7GWWac
user_0036,2023-07-25 16:14:25,Logout,6,40.99.163.171,zqDWlbbB96mC
user_0013,2024-03-21 12:34:39,Logout,7,4.209.133.74,Bn1ZABP5ZkAP
user_0044,2024-04-17 15:14:10,Purchase,8,11.168.174.4,ZrgOpI5u0TX0
user_0011,2023-10-23 8:03:17,View,3,208.5.80.227,3Va2yUur0yrv
user_0072,2023-07-21 15:01:23,Purchase,6,209.155.66.97,H2P7pjIZ6gR2
user_0034,2023-09-10 18:19:55,Purchase,3,87.109.241.34,5FktsicOgwHR
user_0031,2023-11-30 11:21:04,View,1,235.36.254.199,KHTlZ6U7gGO4
user_0043,2023-04-22 23:47:21,Logout,2,45.67.248.159,WSvgqeXpSBnB
user_0064,2023-08-27 10:29:02,Logout,9,214.126.153.248,caH3gLM1x3mo
user_0013,2023-08-05 13:08:12,View,3,74.53.37.79,nKeLiPTEuyi2
user_0019,2023-05-24 15:44:37,Purchase,7,190.53.79.153,a1PkPN9jcUjw
user_0044,2023-11-18 13:12:54,Login,7,117.65.255.150,bQNRUHlnFBNY
user_0071,2024-01-31 17:11:37,Login,1,136.174.233.151,44GHFz6qupUO
user_0010,2023-09-19 19:59:54,Purchase,2,70.102.187.211,DEtg9M5G0Ger
user_0020,2023-11-07 13:24:25,View,1,142.124.95.58,lBsFeXSIWhjr
user_0030,2024-02-10 19:41:21,Logout,3,249.244.229.202,yizIPOYvEE64
user_0013,2024-01-07 10:39:32,Logout,3,208.5.234.40,zB1LYdHWIgpr
user_0012,2023-10-10 8:57:23,Purchase,5,166.81.92.195,Nt1Zf7kefYoE
user_0078,2024-02-06 14:40:56,Login,7,109.18.73.116,gG71WyP4RsAk
user_0055,2023-08-26 1:42:45,Logout,3,191.181.26.98,VbwAfxClFu77
user_0080,2023-06-26 16:00:38,View,4,135.219.87.10,LbdVkySR0Vyk
user_0023,2024-02-02 11:18:18,Login,3,48.38.2.37,m1rmu7jMX0AK
user_0076,2023-09-03 11:28:30,Logout,6,42.158.20.168,JRtYXFYZHjot
user_0044,2023-07-18 13:45:58,Purchase,2,237.183.144.10,X0o34pOohPbb
user_0034,2023-08-16 18:31:27,View,1,28.35.198.56,9XAMhBVRtVMg
user_0014,2023-09-22 22:12:53,View,8,186.201.251.251,eDvdVHlFVApc
user_0059,2024-03-22 3:28:20,Logout,4,173.196.111.127,Qyfr2FH6KRaX
user_0032,2023-10-15 7:06:31,Purchase,4,247.73.173.175,hUDykKRppSlL
user_0060,2024-01-18 18:56:41,Logout,7,125.37.88.32,Pxk0Oi98aUBV
user_0005,2023-09-21 17:43:00,Logout,1,45.65.162.158,WagvBXqsqewr
user_0022,2023-12-28 9:51:38,Login,5,97.199.185.65,Kr6QU5gKwIyb
user_0066,2023-10-14 12:47:36,Purchase,3,43.150.171.144,DCr1QxuBaTT5
user_0005,2023-08-15 12:15:30,Logout,5,58.205.229.252,CsTwoCANXC4h
user_0062,2023-08-20 10:41:29,View,10,250.33.38.31,UVGYGvSozoLo
user_0033,2023-07-10 0:29:30,Logout,8,40.6.227.101,jPtznh1ZZ3F8
user_0052,2024-02-07 19:35:25,Purchase,9,246.239.136.199,aFkDsTypDawD
user_0061,2024-03-29 3:39:30,Logout,5,50.22.33.255,v4KzqjeKY0d8
user_0050,2023-04-25 1:34:22,View,4,207.120.27.65,WZkmMWK0mRhI
user_0068,2024-02-24 23:52:05,Logout,8,22.228.49.79,ULUOaNBJKVxm
user_0020,2024-01-17 21:07:09,View,6,60.69.180.162,bHUX67xKgQzp
user_0055,2023-06-16 19:52:46,Purchase,6,242.4.3.115,77CeUbIQ7KTu
user_0065,2024-02-08 22:09:03,View,9,4.184.154.98,XAF6UkEDRrek
user_0005,2023-11-12 7:27:26,View,1,10.184.88.143,FzZ0ZIdqKah6
user_0058,2023-06-04 2:05:32,Login,5,65.71.183.81,4XzhIlOVNQQg
user_0035,2023-09-24 22:26:42,Logout,6,190.159.196.78,5dza0HvjSGvc
user_0054,2023-10-27 14:10:59,View,2,17.246.162.198,HGpfGg3uY0E6
user_0071,2023-06-09 3:31:57,View,9,110.164.206.91,yAbWl4csfZ1O
user_0001,2024-02-08 11:42:57,View,2,60.239.189.255,Oja1jDjDQYc5
user_0053,2023-06-10 13:35:08,View,9,53.242.29.61,jia3AdpyxQvw
user_0019,2023-10-14 3:04:39,View,7,180.242.24.137,0cwCgXzlmNkg
user_0003,2023-06-30 15:40:24,Login,6,103.123.211.75,qNOk5VMLa6nt
user_0002,2023-05-12 22:02:00,View,9,80.217.125.208,itmGu9UxNdmW
user_0067,2023-11-02 16:28:40,Login,5,58.124.125.135,K9RJRkKobkxR
user_0027,2023-07-18 20:15:55,Login,9,255.186.145.118,tUoj427ml0Pe
user_0050,2023-05-05 13:06:49,Login,6,87.38.203.7,Q8lj2iN44MPN
user_0008,2023-09-04 4:57:50,Login,7,233.33.177.123,5LFfLnTn988r
user_0057,2024-04-02 19:17:10,Logout,8,138.198.157.73,5s4DJfI0Q1CC
user_0020,2024-04-09 9:15:22,Purchase,6,217.214.176.86,tPl3hRQnve6S
user_0080,2023-12-03 3:27:22,View,10,151.80.161.77,pq7u14oiFfHD
user_0029,2023-08-03 6:06:10,View,2,196.245.114.164,Rycb6OoF3EW7
user_0046,2023-11-30 5:37:27,Purchase,6,234.199.49.235,TGJitjDsA1l1
user_0056,2023-10-05 10:12:19,View,3,234.32.49.196,4B70WCKX9Uvd
user_0005,2023-11-04 3:27:52,Login,3,69.158.162.72,ZWoCT5Xqa7IB
user_0073,2023-10-28 22:10:28,Purchase,6,223.12.203.26,J7nCdx8t34eZ
user_0010,2023-07-03 4:45:38,View,5,207.222.126.251,Kq7o3kRFzdr5
user_0011,2023-12-26 0:48:12,View,2,164.106.115.35,RCEde5qwEshK
user_0040,2023-12-25 19:18:45,Purchase,9,131.93.135.145,RR3rP7tUUATY
user_0032,2024-03-25 11:44:07,Logout,4,61.210.98.152,fgK7qqD1P8lp
user_0008,2023-07-15 13:35:38,Purchase,7,54.153.114.203,CpGPhYsByA5x
user_0020,2023-08-09 19:54:42,Purchase,9,223.1.81.213,nA3Bq7iRsSNX
user_0049,2023-05-31 21:49:01,Logout,3,235.160.103.204,vfC0CcbuZZX9
user_0045,2023-06-13 8:32:58,Login,6,249.150.170.168,KpVikbNKeeIe
user_0078,2023-06-19 17:19:13,Login,10,39.125.76.210,b9VI0doCD54S
user_0001,2023-05-23 22:03:10,Purchase,5,153.69.110.68,3EMLi0Pjq6iU
user_0033,2023-12-21 0:11:42,Login,8,116.159.44.197,2683A0cuBwxg
user_0004,2024-03-27 13:10:00,Login,3,79.119.36.148,ryi9yJQflIVi
user_0009,2023-09-27 10:09:37,Logout,6,110.77.152.157,9jMyGQgEecxS
user_0001,2023-10-15 12:26:22,View,5,23.55.37.128,9Bpd75LzBqGj
user_0070,2024-02-12 12:11:21,Login,6,245.70.106.79,56Bj0r8LRtfv
user_0033,2024-04-05 17:19:58,Purchase,7,241.14.116.233,c9GS1iJHKTJn
user_0013,2023-05-21 14:15:32,Login,5,111.77.247.72,ioYLmXweaI7K
user_0047,2023-04-26 1:33:43,Purchase,5,169.211.21.155,GbFDNBDhqKPM
user_0051,2024-02-06 20:21:03,Purchase,4,94.70.6.212,BueUS28fqhoR
user_0035,2023-09-25 23:56:43,Purchase,8,103.93.131.237,96kdUn1eTUul
user_0017,2023-08-20 15:51:33,Purchase,8,174.211.174.62,ABQehANtzeld
user_0044,2023-08-04 16:04:19,Logout,10,99.109.97.111,p0NSKENQ7lFY
user_0072,2023-05-11 0:05:08,View,5,81.14.50.170,oHM1Lw2yCmWE
user_0055,2023-08-22 19:20:05,View,3,249.219.221.30,ZuGP7jkA0gBc
user_0060,2023-10-20 6:01:57,View,8,50.72.189.236,laAlN3lwk4Jq
user_0039,2024-03-14 15:54:16,Login,6,18.202.179.64,XIUmAUEXWSnK
user_0066,2023-12-20 13:00:23,Purchase,10,254.29.132.190,q3Iw8aQStyal
user_0045,2024-01-26 4:58:48,Purchase,1,75.182.100.15,NwOAWCKj8Bco
user_0027,2023-07-25 2:48:54,Logout,6,245.46.226.234,olYI4ceiAY7x
user_0013,2023-10-19 8:56:55,Purchase,4,181.56.97.11,3clWOu8shpcx
user_0064,2024-01-05 10:46:07,Logout,7,225.39.147.186,hZdU0o93lvgp
user_0059,2024-03-17 5:29:04,View,5,215.1.190.37,6GUZnF96o9CI
user_0007,2023-10-20 18:05:32,View,8,164.191.90.61,aGigonar2QLh
user_0003,2024-02-20 10:21:37,Login,10,8.172.223.245,6yMuO7rQ6XX6
user_0006,2023-05-20 7:47:44,View,8,115.66.162.108,yJEOVY0e2CdH
user_0012,2023-05-31 12:45:19,Login,2,98.209.4.169,xN8qfTkAaeth
user_0008,2023-06-13 17:50:41,View,8,57.160.1.196,5jqRuoKDiYC3
user_0048,2023-12-08 23:56:38,View,7,95.26.84.68,hJIR4WzYLHWl
user_0049,2023-12-14 13:10:01,View,2,229.200.248.220,2ZYVMS1ALm5g
user_0059,2024-01-01 10:54:36,Login,10,80.48.63.244,O02tqgX44lQV
user_0055,2023-05-02 6:56:43,Login,10,204.202.251.173,psozUmEYA4lj
user_0060,2023-09-14 17:06:11,Logout,6,193.97.11.32,VOiOObteuPLA
user_0030,2024-02-11 9:55:54,Purchase,5,179.233.227.239,yGVwKK0pEZRa
user_0059,2024-02-05 14:05:39,View,4,208.229.205.229,Z1sPwef5rCSX
user_0066,2023-07-02 1:41:15,Purchase,5,228.11.234.221,HDVOsQI3fqM3
user_0072,2023-05-04 21:40:05,Login,3,246.197.181.188,2WM9yUkWdoul
user_0060,2024-02-10 0:29:01,Logout,9,91.6.115.83,AGpRghHigQ2K
user_0024,2023-09-15 12:02:36,View,7,109.241.21.37,TmmrG0hXoB25
user_0080,2024-03-22 17:10:10,Purchase,4,120.11.0.99,Shvf5VGR979m
user_0018,2023-05-17 11:22:16,Logout,4,248.255.33.46,WKduBEEjArUP
user_0044,2023-10-22 21:41:20,View,3,197.15.79.135,KjDSErzfF6Gq
user_0047,2023-07-23 16:45:44,Purchase,3,137.223.156.94,wQvrpygnF0n5
user_0042,2023-11-22 18:50:08,View,2,29.205.241.58,4LMLUnOvhBhz
user_0036,2024-01-02 17:07:38,Logout,9,54.123.52.51,53wtijP0LwyA
user_0040,2024-04-19 22:32:40,View,7,22.104.159.97,6N47GIoYZ3rZ
user_0035,2023-07-03 11:52:16,Login,1,13.195.85.209,nrYNyADmcmSD
user_0067,2023-11-30 11:24:13,Purchase,10,84.86.141.157,K8Ghb90sfxtC
user_0048,2024-02-15 8:58:22,Login,3,203.5.194.54,EUTxC3kPpnu1
user_0007,2024-04-19 23:42:07,View,2,236.40.70.124,C5XeulAEWydd
user_0009,2023-12-27 16:28:14,Logout,2,146.251.176.225,6lXh2jh10Hl9
user_0031,2024-02-16 21:07:21,Login,6,201.8.109.56,MeoRJg4051Bf
user_0045,2023-05-11 6:34:09,Login,3,214.74.53.229,n8N8jM5xgsNN
user_0002,2024-03-05 22:37:45,Purchase,5,20.205.183.47,bMGYCAAdpLcY
user_0014,2023-04-23 7:54:03,Login,4,82.196.250.224,rgoUf27JAMnN
user_0010,2023-04-26 17:54:05,Login,3,146.76.59.2,lR5wI1X4kfVF
user_0005,2024-01-26 5:38:27,Login,8,207.209.137.140,ywzhyJON8GNg
user_0053,2023-05-02 15:51:43,View,9,181.17.15.164,k5gKtWRwwSqn
user_0063,2023-05-22 0:24:29,Purchase,5,255.159.84.64,AMFNjH9UKnoj
user_0068,2024-04-09 0:54:35,Login,8,55.240.94.193,mTMuuVBi72Eo
user_0042,2023-09-03 14:20:52,Logout,4,117.229.211.85,ZnKfWGC89wJn
user_0030,2023-05-16 5:09:38,Logout,6,22.111.98.251,epGJnv0peA2L
user_0060,2023-10-29 2:24:56,Login,6,110.24.226.116,GanIKWU0AJiq
user_0052,2023-06-17 18:41:11,View,2,216.135.206.118,p8whtiTWtsg2
user_0059,2024-03-30 16:30:36,Purchase,8,17.123.138.58,3kyYrgKDxnGv
user_0007,2023-08-28 7:04:48,View,5,142.4.218.200,at00g5XwpZYc
user_0004,2023-06-14 13:09:22,View,4,12.72.114.35,tzBUXOIVNs4a
user_0076,2024-01-17 6:21:28,Logout,10,193.165.29.208,QOlkIecuyOK3
user_0027,2023-05-05 0:23:28,Purchase,7,184.107.41.103,uDWtjH7qpTXU
user_0063,2024-01-01 14:33:32,Login,6,62.224.80.8,l7TxLZsO5tVI
user_0071,2023-12-03 2:50:25,Login,5,183.186.227.184,MnETK350TCgH
user_0042,2024-04-20 14:18:09,Purchase,9,172.203.206.159,EPrcMGvr8T1r
user_0028,2023-06-11 18:19:06,Login,7,128.242.146.62,cXcjTeKklZ41
user_0061,2024-03-16 0:24:33,View,2,71.39.199.39,lyWYbPqtRpNs
user_0066,2023-11-01 23:55:06,Purchase,2,125.24.239.107,lxNcZpLHxjdj
user_0027,2023-05-27 12:32:56,Logout,3,16.105.180.57,xOpwC7cTLpA0
user_0016,2023-10-19 5:03:04,Logout,2,179.181.187.169,JObRbQUJuua4
user_0008,2023-06-11 19:49:52,View,6,46.42.137.252,SoYhHaSQFsT3
user_0012,2023-11-09 8:25:10,View,5,133.95.212.252,B9c9NDvcsUZg
user_0080,2023-06-28 10:36:35,Purchase,6,131.86.137.40,TWA7QHnypUuH
user_0078,2024-04-17 3:47:31,Purchase,4,196.211.93.213,VBXTowsbmBHO
user_0040,2023-12-30 21:26:59,Login,3,77.28.162.98,zN8lWP4alBpE
user_0017,2024-02-13 17:03:33,Logout,10,56.133.66.11,pjSysblvdIRu
user_0013,2023-10-04 17:54:13,Login,8,163.19.208.52,Nh1O4Fo14O39
user_0071,2024-01-31 2:35:57,View,1,31.87.27.9,p4IUclfNbWyY
user_0038,2023-08-31 0:33:59,Purchase,8,226.182.153.48,Qqll1PiRb23R
user_0009,2023-10-23 3:52:36,Purchase,9,218.209.74.182,QIfaw4eeQrNx
user_0052,2023-12-22 13:01:42,View,2,186.71.99.207,79xQwh7L2RaH
user_0072,2023-06-20 7:04:25,Logout,10,240.115.169.46,LVsck1L7JWN8
user_0040,2023-11-15 5:10:24,View,3,55.187.148.94,9uhnr9CMBdzR
user_0032,2023-08-19 12:57:17,View,8,238.141.117.150,zbyyQBnSfSjq
user_0012,2023-10-16 15:04:49,View,3,102.136.51.180,yt94vO86qTxL
user_0029,2023-06-16 0:09:20,Logout,7,199.202.227.89,IBjUvppRyEyU
user_0076,2023-09-19 5:30:39,Logout,2,245.67.174.188,Y1za038nmTAk
user_0029,2023-07-04 5:05:54,Logout,7,230.105.97.16,lPbDfcDBYCiI
user_0020,2023-12-06 9:47:23,View,4,216.194.225.71,wk1dH14s9Ebl
user_0003,2024-02-23 15:37:04,View,4,79.147.61.5,RmP4pxPJ4IoA
user_0071,2024-01-08 1:12:12,Logout,4,208.105.103.86,ZG9MAjGvVfK5
user_0012,2023-08-16 19:01:22,Logout,6,225.208.198.233,uuHdAb4fet9v
user_0021,2024-02-26 10:37:10,Login,5,183.86.200.177,wvgLRs94SGvh
user_0019,2023-10-26 12:59:11,Purchase,8,251.7.92.152,9PRbNYnHkmY6
user_0047,2024-01-30 14:07:49,Purchase,10,19.181.253.46,Msd6sz2AAjLr
user_0011,2023-12-04 7:49:07,Purchase,1,223.147.219.3,ROgdUnSQJu9y
user_0071,2023-11-06 5:14:21,Logout,9,60.194.223.72,mbXafG7Ai8JW
user_0018,2023-05-17 0:08:35,Purchase,8,113.40.150.176,cFonVtXwaje0
user_0070,2024-03-27 6:33:47,View,8,91.205.196.19,FFgVMpUDGF7V
user_0035,2023-07-22 23:43:02,View,7,104.148.14.146,vJkNLfztwV3x
user_0041,2023-05-15 8:28:50,Purchase,3,157.134.176.152,yUdMOFn66Oqp
user_0064,2024-01-10 4:27:56,Logout,2,216.124.34.111,YPBtpYzWEiTc
user_0008,2024-03-14 5:58:34,Purchase,7,9.108.53.11,dDQ3FLyQhIcU
user_0059,2024-01-26 2:12:33,View,3,196.126.249.232,bGAcMnc5xZ5A
user_0005,2024-02-03 3:28:33,Login,10,211.218.182.239,6ZNpipFO6yic
user_0080,2023-12-30 2:05:55,Login,1,85.184.161.249,OYOuIKtnYBiQ
user_0023,2023-09-24 20:08:35,View,1,93.74.222.143,u6zXsLHJmTsC
user_0002,2023-05-30 8:51:09,Purchase,2,46.30.248.231,N77cMYq5peol
user_0034,2023-09-12 22:10:40,Login,4,24.63.46.141,Jcg0OBdABwji
user_0041,2024-04-17 23:31:04,Login,8,23.165.83.166,u6GDayJIj46Y
user_0007,2024-01-19 14:35:31,View,9,31.60.172.83,ha8ZjPIESrdV
user_0074,2023-09-06 23:17:38,View,7,232.157.26.254,eaHRxiotOq5q
user_0072,2023-10-10 4:48:29,Logout,8,39.201.176.250,M5fFDXC8VylO
user_0014,2024-02-13 5:22:45,Purchase,3,181.18.106.150,3P0xamJSfK9k
user_0024,2024-01-15 21:39:39,Purchase,5,131.192.226.229,pJWdlOE3va8O
user_0007,2023-10-13 0:19:02,Login,2,206.141.26.249,NoPoziPMOBkZ
user_0061,2024-04-16 18:07:48,Logout,8,102.172.163.90,lYsgoZVUo5mT
user_0038,2024-01-09 18:26:38,View,2,102.13.229.211,LfReJ1ZjxOUl
user_0014,2023-11-06 6:50:05,Logout,5,234.239.240.113,eNPhWaYHlDAU
user_0042,2023-05-11 21:33:51,Purchase,6,253.238.253.77,LTi5Jy7GnXdr
user_0025,2023-05-15 6:11:22,Logout,8,225.148.151.213,IX68TO7BYcJo
user_0001,2023-06-17 19:10:50,Purchase,8,226.255.188.137,UInRlx6ZvZbX
user_0040,2023-06-17 15:09:24,View,9,108.191.40.216,Td5YGAJnoqbF
user_0005,2024-04-20 2:30:46,Logout,1,2.41.33.254,f9WaDNsAWMBS
user_0001,2023-09-27 19:48:45,Purchase,3,101.23.40.233,UD5PqfdnlKLu
user_0007,2024-03-11 4:12:54,Purchase,8,197.104.24.139,fO9RWp3hgKHz
user_0057,2023-08-30 10:39:39,Login,4,141.34.192.202,2xr1ekYfdDo3
user_0023,2023-09-01 12:32:06,Login,1,174.89.229.235,8QV36URcH9wl
user_0055,2024-02-12 3:26:16,View,3,112.122.114.22,69FrvBzcyFAd
user_0004,2024-04-06 5:34:22,Purchase,10,151.228.130.229,H4dIzWovsRaK
user_0001,2024-01-20 20:02:04,Login,4,194.186.137.165,VozQ0c3VNaFr
user_0024,2023-06-01 0:53:08,Logout,3,12.80.163.214,RboxUbpL4tW6
user_0056,2023-10-28 19:14:22,Logout,10,2.205.225.211,k9jpN94ZZgqa
user_0073,2023-06-26 19:05:12,Login,5,156.182.226.197,cPgh7TGrkUbx
user_0061,2023-05-19 5:35:38,Login,6,100.65.147.232,Ms8zUlFWhXjI
user_0022,2024-03-17 22:04:50,Logout,3,190.95.191.231,sSoTKtmzPogr
user_0050,2023-11-24 12:38:14,View,10,116.71.62.236,QSC7vv1YJ92Q
user_0074,2023-11-05 17:41:55,Logout,5,217.6.110.152,C8r3glLkzlMx
user_0022,2023-11-01 6:58:22,Logout,8,190.31.156.193,g8HfhepczUy9
user_0069,2023-11-23 5:46:22,Purchase,3,169.244.129.160,BPCCzcrWyPYM
user_0059,2023-10-02 5:11:49,Login,1,232.203.124.109,fB9bmqrmgYpI
user_0018,2024-03-17 19:55:56,Purchase,2,219.19.63.128,7ilUlpyvvxOS
user_0033,2023-09-29 11:41:21,Purchase,1,62.152.139.9,7Na0qtkRexj1
user_0038,2024-02-22 22:01:49,Logout,4,84.8.245.182,6c2mVc2q7Ds9
user_0012,2023-12-14 14:53:03,Logout,7,98.119.126.160,efeT1Fv270ay
user_0033,2024-01-08 23:56:57,Login,2,137.64.139.165,8lKlenXFrqPz
user_0032,2023-09-01 11:09:29,Login,10,228.203.22.169,KDPIdk5laqzQ
user_0060,2024-02-23 1:12:01,Logout,3,158.162.84.177,R5dIOEDx6fZs
user_0057,2023-08-25 11:18:04,Login,4,111.209.189.125,ypkcupzUHVb4
user_0067,2024-01-06 12:36:51,View,3,156.127.10.128,MflDa75frXYY
user_0053,2024-01-29 1:42:39,View,9,241.1.162.94,aIU3BCMdx4xY
user_0028,2023-10-15 22:56:37,View,9,176.176.74.53,utykIyKyvJtM
user_0049,2023-12-13 16:17:00,Login,9,52.99.130.236,w4zQ4T8T9ddE
user_0016,2024-02-04 17:53:30,View,6,83.241.46.79,XoKniBq8iKqb
user_0024,2023-12-29 23:45:06,Logout,4,243.50.173.202,SUJ4OjJDHzQM
user_0065,2024-01-14 19:26:00,View,9,243.31.8.216,cWGQKvYfMWCH
user_0077,2023-12-04 2:56:53,View,2,47.76.50.160,CxsbYz7TRf6j
user_0032,2023-11-28 8:31:48,Login,10,4.224.99.77,hOTTmCYAfycd
user_0032,2023-07-19 21:10:47,Logout,5,218.61.34.84,0v8sqyRD3g9T
user_0017,2024-03-12 1:09:23,View,7,187.20.56.35,uGZD1VTOpZKf
user_0021,2024-02-16 1:15:41,Login,5,78.6.29.126,rI4YNweDqfl3
user_0009,2023-07-19 13:02:32,View,7,247.199.242.143,m18Jzao3aIUH
user_0080,2023-09-18 22:28:21,Login,3,127.242.129.197,dKzyPCvlXwmp
user_0046,2023-10-09 15:56:00,Purchase,9,250.47.174.151,O6YkWwkraEsQ
user_0058,2023-05-10 12:20:17,Purchase,8,105.155.150.140,hD3w8XYgfAoo
user_0052,2023-12-04 7:29:21,Logout,4,4.246.27.87,Z7YtsUklrdYS
user_0054,2024-02-09 14:32:15,View,6,145.4.161.218,jnLIkdxieFEG
user_0032,2023-05-01 10:10:36,Logout,9,224.130.73.172,b5ZQG9BHPScv
user_0028,2024-01-25 9:38:31,View,1,245.247.244.111,pGsWrmaiy4NH
user_0044,2024-02-19 2:23:57,Purchase,3,222.227.107.252,AYV1shoDirM9
user_0041,2023-07-14 19:49:08,Purchase,2,37.81.125.227,jlOrpBBTg4ew
user_0038,2024-03-18 11:29:38,Login,8,135.110.150.91,n4yK9OeYVTIa
user_0041,2024-01-24 2:43:10,View,4,232.86.186.88,F6ayO3QVdAhZ
user_0041,2023-06-20 23:36:14,View,6,18.63.73.133,jxWQAIJKcxmn
user_0056,2023-12-28 0:45:12,Logout,5,211.98.204.202,WvzMTz7uMIK6
user_0040,2023-12-15 1:06:15,Purchase,3,12.32.53.241,AS6IowVO5PJo
user_0079,2024-03-02 18:19:51,Logout,8,146.67.217.85,Ggsi4sgbhUDb
user_0035,2024-03-20 14:38:06,Logout,7,45.12.98.88,u513P4jZfA1s
user_0031,2024-01-09 23:06:18,View,9,76.247.134.251,ar4eaxkEAVRG
user_0004,2023-06-29 9:23:51,Logout,2,23.171.135.241,6WBWAwNtWqVa
user_0003,2023-09-01 9:32:18,Logout,7,104.94.28.183,Nk9Y8EUaKM2r
user_0050,2023-06-06 12:33:17,View,4,17.153.57.230,4YL3Jn0JQsze
user_0041,2023-07-08 2:56:34,Purchase,4,182.82.41.242,VpzAJfuhNrem
user_0028,2023-11-04 0:33:26,Purchase,6,27.116.76.152,pwMHC928DalM
user_0010,2024-04-12 7:39:32,Purchase,4,77.125.218.167,eQfB6hA4YDHX
user_0074,2023-05-11 6:07:39,View,5,79.219.175.244,M2VN1JLVXnHk
user_0053,2023-07-30 4:29:50,Logout,10,156.162.247.0,wFvbLlf48mLi
user_0065,2024-02-24 1:39:16,View,2,203.78.13.45,1QyXF2OOjVwT
user_0002,2023-08-25 4:05:17,Login,5,95.235.129.150,eCh8HnvawPWh
user_0020,2023-07-24 12:00:55,View,10,7.241.123.90,xCJPeHPBO4xN
user_0009,2023-06-17 14:39:04,Login,6,22.89.213.146,ZPRuhlkaVHwG
user_0011,2023-07-01 17:36:27,Purchase,6,74.43.106.162,XmFucIEynbif
user_0043,2024-03-20 5:36:43,Purchase,10,186.152.154.109,rBvKTvHqpEq5
user_0059,2023-05-21 8:33:11,Purchase,6,251.42.141.81,Rc3BrqH5mZVr
user_0024,2024-01-04 15:47:54,Logout,6,224.231.141.166,glwLq5HJ59YM
user_0052,2023-07-20 5:27:19,Purchase,4,169.181.106.252,c64jrjCWB7vs
user_0077,2023-06-07 19:59:44,View,8,207.187.141.191,4gDa9PCDFx85
user_0059,2023-12-02 21:33:09,Logout,8,17.245.68.100,WKP52ZRXJSze
user_0033,2024-03-28 7:00:41,Logout,5,249.141.129.231,ZkCnGV5bjvon
user_0004,2023-06-27 16:22:39,Login,1,52.134.164.208,Vwhs19gVGX9U
user_0019,2023-06-09 16:37:54,Purchase,1,195.40.132.250,YjmKqlrLucbQ
user_0054,2023-09-04 12:19:35,Logout,3,104.167.225.35,1HaCgClxsRMK
user_0053,2023-07-20 22:56:50,Logout,10,212.157.78.50,u5PYCvQ7RnMQ
user_0066,2023-07-04 3:55:49,Login,3,117.54.84.219,0mWOWez9R60D
user_0010,2023-10-18 10:45:14,View,10,67.231.219.75,e3NLVUF4xDNP
user_0033,2024-02-13 11:04:26,Logout,1,203.188.136.167,VZKdoDgHHybX
user_0077,2024-01-06 9:01:10,Logout,5,179.72.96.25,JDtIJWPHpZeA
user_0014,2023-09-27 16:40:59,Purchase,7,183.134.119.181,ZYdjyOQmVzJc
user_0041,2023-04-30 22:05:54,Login,9,67.73.107.57,BBl43MFDHy0Z
user_0052,2023-11-05 22:21:25,Login,8,188.230.237.152,ie5Nfplbioap
user_0025,2024-01-04 6:05:57,Purchase,9,165.40.88.34,8Qz2ul79gILp
user_0069,2023-05-01 2:28:34,Login,3,30.238.74.167,dDQD9Zb2YEYA
user_0071,2023-11-04 3:20:38,Logout,10,82.135.188.158,3cyRPAFfFvzU
user_0031,2024-01-23 0:10:17,Login,2,53.114.75.62,ZUbQexCVDRcQ
user_0021,2024-03-01 21:33:32,Login,8,212.179.38.139,mOk8jSgK17K2
user_0056,2023-11-15 21:42:32,Logout,1,243.175.31.79,9kWTsqBikf55
user_0008,2023-10-09 19:21:04,Logout,9,132.171.242.34,EwmAh32dn9oD
user_0017,2023-12-06 12:49:36,Logout,4,21.129.245.82,BUMyzInhsSRy
user_0022,2023-06-24 14:28:24,Logout,4,173.131.250.224,wEy6JG5y9g0N
user_0079,2023-06-01 23:10:41,Login,10,29.97.53.158,Yko29QtT89nh
user_0041,2023-05-13 15:20:50,Purchase,10,134.211.35.102,DLjVtbx3mBAJ
user_0057,2023-06-29 2:06:34,View,8,205.5.40.95,znbmo6Z8rN6G
user_0018,2023-11-28 6:23:27,Login,1,205.52.96.192,R0mAwms0Dd2b
user_0076,2023-04-26 23:39:57,View,8,82.81.185.169,rERu3de3o9ix
user_0078,2023-09-05 23:22:16,Purchase,4,2.32.140.164,kJkNnjkR5BR6
user_0006,2024-01-10 10:37:57,Login,3,152.35.3.11,QBwg25VUCPWP
user_0069,2023-05-21 8:23:35,Purchase,1,242.204.63.146,McXgPKGkhUCj
user_0068,2024-02-19 19:31:18,Login,6,57.20.198.99,yuu1VsLWBNXt
user_0052,2023-11-22 13:30:54,Purchase,9,183.4.210.42,HzJERioNVAZK
user_0038,2023-11-26 14:59:17,View,7,231.101.93.198,rWe2dr7rFC62
user_0065,2023-07-19 10:55:23,Login,2,116.51.181.244,eIxbUFWvq3dA
user_0006,2024-01-08 9:45:54,Login,1,20.112.80.144,BLaUqxJxgg4I
user_0057,2023-11-29 11:06:34,Purchase,1,165.121.159.223,V24gsTW3Hg7l
user_0039,2024-04-04 12:46:06,Login,3,248.247.121.132,AhstC0iEZq7W
user_0020,2023-05-24 8:15:19,Logout,7,111.87.118.146,jiszJce69whP
user_0070,2023-05-13 22:26:52,Purchase,2,234.112.54.212,RQQ8klhh2y18
user_0033,2023-05-31 18:15:23,Login,5,142.114.186.113,jDtFCiq43t5x
user_0078,2023-06-03 0:52:30,Logout,2,114.98.220.255,Fgl7inHicpDF
user_0062,2023-05-24 17:33:54,Logout,5,158.23.157.6,o53N4V2eF5yh
user_0034,2023-06-28 13:08:28,Logout,3,184.250.248.71,NmjFI3CKXvw8
user_0079,2024-04-14 15:20:36,Login,6,166.71.148.140,4HZmAa7wYeow
user_0009,2023-12-19 2:21:53,Purchase,1,85.241.157.66,tz8UutfxIC0t
user_0038,2023-12-16 15:59:12,Login,3,234.86.224.196,YtE59GNjziwG
user_0053,2024-03-26 14:27:42,Purchase,7,128.155.104.39,8J8FcRhcqzDM
user_0044,2023-08-20 10:58:45,Logout,2,138.11.142.235,c2htLtqrDjyV
user_0053,2023-10-02 18:33:48,Purchase,3,4.184.94.233,TcfAovWmebd4
user_0013,2023-06-03 2:58:38,Purchase,3,152.144.55.248,29mZONPbmB6Z
user_0053,2023-05-22 1:51:12,View,3,81.8.106.164,BPBnjA5tzV96
user_0076,2023-09-09 2:09:59,Logout,6,139.110.191.180,1STCLO2UrTGx
user_0045,2024-04-09 12:07:03,Logout,1,13.121.82.134,88XtB39idT2L
user_0024,2023-09-02 5:42:26,Login,3,161.247.35.71,RAWgYUwwatHo
user_0072,2024-01-14 14:07:56,View,5,16.112.167.116,nBwBmKJae0tZ
user_0034,2023-11-19 3:36:55,Logout,8,69.171.39.218,CJCCsOxrvoY2
user_0053,2023-06-30 6:49:10,Login,8,129.238.108.88,qPWQFT0XTfdA
user_0058,2023-05-06 0:39:36,Purchase,2,4.99.116.195,iw5mrigbGGdY
user_0052,2024-04-02 19:51:51,Logout,8,94.46.135.152,2LDmdNOEtf9J
user_0059,2024-02-17 5:02:50,View,3,201.159.212.177,EQicjMIpZW2G
user_0069,2024-04-15 20:09:48,View,5,208.209.170.71,I3X52XMWYmGo
user_0005,2023-09-26 4:43:40,Login,6,162.136.30.231,FwjhKjv41QGo
user_0039,2023-07-29 23:00:18,Purchase,6,77.62.243.81,oQkD49HoMqAM
user_0021,2024-02-29 6:06:59,Login,5,195.211.18.218,qi8gRmCjH5sW
user_0042,2023-06-02 13:43:24,Purchase,2,152.68.104.54,KispnpTmQgTO
user_0029,2024-01-21 5:11:22,View,6,154.42.3.113,aEdMZZFdhh4q
user_0038,2023-10-23 22:58:53,Logout,4,115.150.124.106,fJIOwL1q7zu2
user_0066,2023-10-22 13:54:19,Login,3,19.217.83.20,k1AAGlykYQ3G
user_0072,2024-03-29 17:37:21,Purchase,8,194.213.143.55,n5lF7v8dwk9O
user_0028,2024-03-23 18:46:11,Logout,3,119.14.65.165,9h0QEc58P0nH
user_0001,2023-07-26 21:16:11,Purchase,4,143.83.28.137,lmKJKWTszc1i
user_0060,2024-02-18 9:57:59,Logout,9,208.22.194.19,7D1NEbxI66ET
user_0070,2023-09-03 23:26:33,View,7,130.23.181.153,lXb4tdr64hmb
user_0078,2023-12-15 4:21:28,Login,2,221.147.202.166,bUOSSIjTqwp1
user_0033,2023-05-22 9:00:18,View,8,46.164.163.160,jMmgHIZtSiKF
user_0054,2023-10-28 11:26:52,Purchase,9,58.165.34.212,fE1ZupUttkAR
user_0064,2023-05-10 5:43:15,Login,8,11.27.87.127,TG5mxW5CRcXT
user_0010,2023-08-19 20:04:33,Purchase,3,169.62.212.173,uEYtq5WPLiIy
user_0014,2023-11-05 1:17:17,Logout,4,199.25.64.110,kaP0Bed3R6uy
user_0073,2024-02-02 23:47:26,Logout,3,195.190.38.196,ax1PkQgZ2BD7
user_0005,2023-08-23 17:49:12,View,1,33.49.117.206,Ok6wFmFDhzVw
user_0063,2023-09-07 8:20:24,Logout,5,37.102.182.88,wy6yjAZYvYJk
user_0010,2023-06-18 7:05:54,Purchase,5,55.108.246.52,y8a5I79PFMEt
user_0021,2023-07-31 18:40:22,Login,9,69.211.255.234,cCocoSJk07aG
user_0046,2023-09-17 12:47:15,Purchase,9,215.25.156.166,rnkUuo3gJiXm
user_0005,2023-09-14 12:00:53,Login,4,253.193.214.236,Ih8LyzJP7ge8
user_0010,2023-06-01 1:45:03,Purchase,10,133.118.123.191,gStmSffGOHwO
user_0030,2023-05-08 8:27:47,Purchase,8,116.237.157.3,O4cGlkOgVkyq
user_0004,2024-03-24 7:22:16,Logout,2,251.123.252.224,8QJJTpRCjP7S
user_0069,2023-11-18 3:59:29,Login,7,232.122.238.155,INRNiJntukPr
user_0062,2023-08-13 18:32:22,Logout,7,181.203.136.202,LGBozRV9reww
user_0062,2023-04-28 19:04:35,Logout,2,111.93.43.65,Xs37R89ht7KR
user_0059,2024-04-18 12:03:15,View,2,149.60.94.39,QI3a0UcKZvG3
user_0045,2023-07-26 6:41:13,Login,6,95.25.244.184,Kt6xNHarsoSR
user_0080,2024-02-01 13:11:36,Logout,1,163.219.222.57,ZvQwlPkhhAsL
user_0042,2024-03-03 6:36:40,Logout,8,140.221.102.192,YSvZEqpx3LgD
user_0059,2024-03-01 13:54:05,Purchase,3,20.76.168.116,ntuMAKtlNSaE
user_0050,2023-12-14 13:04:40,Logout,10,127.225.52.222,OYUlA7ST5e8b
user_0067,2023-11-05 0:53:07,Purchase,7,102.163.221.254,qo8KCQDBZjx1
user_0026,2023-09-17 15:22:18,Login,8,101.14.137.160,NEmHMQOztuMG
user_0071,2024-02-15 22:06:01,View,2,230.6.125.122,k2oViGDFxwgy
user_0005,2024-01-25 5:16:25,View,9,149.21.85.201,yfJe44OfPCT8
user_0012,2024-03-25 7:49:27,View,2,121.93.161.183,FkY25H60J2x0
user_0043,2024-01-11 22:18:32,Logout,5,158.128.129.22,vP0JXXsmjVmY
user_0056,2023-11-12 17:16:44,View,7,130.71.70.68,MLtNVmRRs2gl
user_0001,2023-12-02 19:10:35,Purchase,7,243.247.229.83,7yWtTu8n73Em
user_0055,2023-07-30 16:37:08,View,2,120.207.91.150,2QgSJWulQhaZ
user_0043,2023-09-12 0:56:22,Logout,9,179.133.153.127,nY0Du8Hk4m8m
user_0024,2024-02-24 16:39:48,Logout,6,58.132.144.103,IupmkuTrxTuS
user_0027,2023-12-29 7:55:30,View,3,167.168.163.159,HLi0osyLBbBw
user_0030,2023-11-18 17:38:01,View,9,183.248.205.109,UzAH7mma5T7s
user_0025,2023-06-08 17:43:51,Logout,5,144.174.119.164,zL7dx76nAX9m
user_0078,2024-03-19 3:53:04,Purchase,7,96.240.198.241,IxUtctjOKZe3
user_0034,2023-10-09 12:14:42,Login,2,214.47.213.68,2OlCJmOhQavN
user_0077,2023-07-17 15:40:27,Login,8,65.114.72.191,JWgI12p8pQVt
user_0010,2023-04-22 19:39:49,Logout,2,244.46.144.97,Mzv1uotHKaxI
user_0034,2023-10-15 11:28:43,Logout,3,135.22.211.161,kP3jDfI7NEKK
user_0046,2023-09-26 4:58:34,View,8,137.16.159.172,q7MUwTS2hRD8
user_0005,2024-03-14 20:08:38,Purchase,9,188.76.82.16,NfE5quEqTh8W
user_0032,2023-08-29 11:48:24,View,8,42.242.112.110,V5zm2KZQkO5Q
user_0065,2024-03-05 0:27:13,View,9,223.142.77.101,K4W6OgwE93RP
user_0032,2023-06-13 13:07:44,Logout,4,253.222.89.48,7WYNnZEtj5HY
user_0030,2024-01-04 3:37:24,View,10,150.250.28.14,KvV01tsV3n1z
user_0054,2024-03-03 9:54:05,Purchase,7,185.76.168.172,Xkfck3IwazsO
user_0050,2023-05-06 6:11:20,Login,1,204.192.19.5,nhwTGmKHI4q4
user_0035,2024-04-11 17:32:01,Logout,7,60.33.97.191,HnYpwpJbC6K9
user_0021,2023-08-11 6:26:15,View,2,51.34.164.223,xXU2M34Itj9F
user_0050,2023-06-04 15:22:32,View,6,224.176.3.36,LPUTqOpNkWiQ
user_0059,2023-10-11 10:07:54,Login,9,193.164.3.102,gZTVNMXxokwF
user_0028,2024-03-01 20:34:21,Logout,3,242.29.145.0,D9Ppg2dqbj6S
user_0072,2023-07-12 21:39:20,Login,3,177.168.82.2,u9huAVcdPjfx
user_0064,2023-10-24 17:39:02,View,7,237.177.123.242,boMII8GvfYoG
user_0027,2023-04-23 23:07:12,View,6,93.230.66.87,W2BR6koSHOld
user_0029,2024-03-29 14:26:49,Login,2,115.219.196.246,9PNfMUk6uuma
user_0070,2023-06-29 17:30:44,View,1,240.234.40.104,jnbXk6kjsvyX
user_0032,2023-05-22 14:15:57,Login,9,204.155.184.164,rvwcRgGADeVl
user_0037,2023-11-11 16:43:45,Login,6,9.233.178.54,Jb7YoV2hBH3n
user_0061,2023-07-20 23:27:35,View,7,255.7.178.27,4fNNOHIsjvCa
user_0051,2023-08-05 13:17:30,Purchase,5,99.93.81.174,f5nomLggPr9y
user_0030,2024-01-15 14:13:49,View,6,106.117.81.44,27wcK7MBEy1E
user_0024,2023-07-02 8:02:27,Login,1,215.10.140.217,Utaa7BeLdZKB
user_0038,2024-02-12 20:31:10,Logout,6,217.246.101.184,7A3wVhfFBxHh
user_0080,2024-04-15 3:14:55,Logout,2,178.13.118.56,m2FaW7yKrXTn
user_0065,2024-01-08 13:53:53,View,5,255.229.212.136,Mv1eEpy29W9g
user_0060,2024-03-21 23:44:47,Purchase,9,35.202.171.47,5zzD9QtzYiY0
user_0063,2023-04-23 10:06:02,Logout,1,242.103.26.206,cg5Fxe8qcnJA
user_0034,2023-12-10 8:28:10,Login,7,231.92.174.241,J8LUjIAehjVA
user_0001,2023-11-22 14:44:18,View,4,221.242.134.96,AO2iTdoCWQZ5
user_0044,2024-01-26 21:25:32,Logout,4,24.141.154.117,hiKOOjLbgSl1
user_0076,2023-12-28 16:34:01,View,10,87.23.79.27,5YoZXlOU3ZIn
user_0013,2024-02-28 1:41:48,Login,1,15.65.62.168,E8UfiCskEmdR
user_0045,2023-07-27 18:15:14,View,7,78.99.57.13,W2DnMXAFf8ws
user_0016,2023-11-03 15:55:10,Logout,5,77.80.228.244,XxD23D7zcCXN
user_0027,2023-12-05 1:59:25,Login,4,5.89.216.46,CYuuvaT7lvWF
user_0057,2023-11-22 20:12:00,Login,3,113.24.253.0,h3b0qMpnuJLf
user_0048,2024-02-29 23:40:51,View,1,37.205.3.141,ip7xOcnzYFOs
user_0024,2023-08-06 18:30:21,Logout,4,184.111.159.252,VGR4jihdhiYV
user_0075,2023-05-05 15:20:39,Login,4,109.204.222.253,d7kBVFCm9eU3